Workbook

Sheet Yakuniy
A1: PDP Academy · Xadra filiali (1, 2 va 3-qavat): jami xarajatlar — yakuniy
A2: Barcha summalar «Hisob (batafsil)» varag'idan formulalar bilan olinadi; so'm — «Narxlar» varag'idagi kurs bo'yicha.
A4: 1. Xarajat turlari bo'yicha
A5: № | B5: Xarajat turi | C5: Summa, $ | D5: Summa, so'm | E5: Ulush
A6: 1 | B6: Shisha devor | C6: =SUMIFS('Hisob (batafsil)'!$J$5:$J$371,'Hisob (batafsil)'!$C$5:$C$371,"Shisha devor") -> 7720.625 | D6: =C6*Narxlar!$C$58 -> 91875438 | E6: =IF($C$25=0,0,C6/$C$25) -> 0.088521591
A7: 2 | B7: Gips karton (GKL) | C7: =SUMIFS('Hisob (batafsil)'!$J$5:$J$371,'Hisob (batafsil)'!$C$5:$C$371,"Gips karton (GKL)") -> 4077.36 | D7: =C7*Narxlar!$C$58 -> 48520584 | E7: =IF($C$25=0,0,C7/$C$25) -> 0.046749375
A8: 3 | B8: Bambuk panel | C8: =SUMIFS('Hisob (batafsil)'!$J$5:$J$371,'Hisob (batafsil)'!$C$5:$C$371,"Bambuk panel") -> 8292.035 | D8: =C8*Narxlar!$C$58 -> 98675216 | E8: =IF($C$25=0,0,C8/$C$25) -> 0.095073149
A9: 4 | B9: Interaktiv doska | C9: =SUMIFS('Hisob (batafsil)'!$J$5:$J$371,'Hisob (batafsil)'!$C$5:$C$371,"Interaktiv doska") -> 8256 | D9: =C9*Narxlar!$C$58 -> 98246400 | E9: =IF($C$25=0,0,C9/$C$25) -> 0.094659986
A10: 5 | B10: Perila | C10: =SUMIFS('Hisob (batafsil)'!$J$5:$J$371,'Hisob (batafsil)'!$C$5:$C$371,"Perila") -> 2322.6 | D10: =C10*Narxlar!$C$58 -> 27638940 | E10: =IF($C$25=0,0,C10/$C$25) -> 0.02663
A11: 6 | B11: Yoritish | C11: =SUMIFS('Hisob (batafsil)'!$J$5:$J$371,'Hisob (batafsil)'!$C$5:$C$371,"Yoritish") -> 3024 | D11: =C11*Narxlar!$C$58 -> 35985600 | E11: =IF($C$25=0,0,C11/$C$25) -> 0.034671972
A12: 7 | B12: Kamera tizimi | C12: =SUMIFS('Hisob (batafsil)'!$J$5:$J$371,'Hisob (batafsil)'!$C$5:$C$371,"Kamera tizimi") -> 3438.5 | D12: =C12*Narxlar!$C$58 -> 40918150 | E12: =IF($C$25=0,0,C12/$C$25) -> 0.039424462
A13: 8 | B13: Logotip | C13: =SUMIFS('Hisob (batafsil)'!$J$5:$J$371,'Hisob (batafsil)'!$C$5:$C$371,"Logotip") -> 3250 | D13: =C13*Narxlar!$C$58 -> 38675000 | E13: =IF($C$25=0,0,C13/$C$25) -> 0.037263197
A14: 9 | B14: Matli plyonka | C14: =SUMIFS('Hisob (batafsil)'!$J$5:$J$371,'Hisob (batafsil)'!$C$5:$C$371,"Matli plyonka") -> 537.81513 | D14: =C14*Narxlar!$C$58 -> 6400000 | E14: =IF($C$25=0,0,C14/$C$25) -> 0.0061663726
A15: 10 | B15: Yong'in xavfsizligi | C15: =SUMIFS('Hisob (batafsil)'!$J$5:$J$371,'Hisob (batafsil)'!$C$5:$C$371,"Yong'in xavfsizligi") -> 1512.605 | D15: =C15*Narxlar!$C$58 -> 18000000 | E15: =IF($C$25=0,0,C15/$C$25) -> 0.017342923
A16: 11 | B16: Buzish ishlari | C16: =SUMIFS('Hisob (batafsil)'!$J$5:$J$371,'Hisob (batafsil)'!$C$5:$C$371,"Buzish ishlari") -> 340.54622 | D16: =C16*Narxlar!$C$58 -> 4052500 | E16: =IF($C$25=0,0,C16/$C$25) -> 0.0039045664
A17: 12 | B17: Santexnika | C17: =SUMIFS('Hisob (batafsil)'!$J$5:$J$371,'Hisob (batafsil)'!$C$5:$C$371,"Santexnika") -> 3317.6471 | D17: =C17*Narxlar!$C$58 -> 39480000 | E17: =IF($C$25=0,0,C17/$C$25) -> 0.038038811
A18: 13 | B18: Kafel | C18: =SUMIFS('Hisob (batafsil)'!$J$5:$J$371,'Hisob (batafsil)'!$C$5:$C$371,"Kafel") -> 1243.6975 | D18: =C18*Narxlar!$C$58 -> 14800000 | E18: =IF($C$25=0,0,C18/$C$25) -> 0.014259737
A19: 14 | B19: Konditsioner va ventilyatsiya | C19: =SUMIFS('Hisob (batafsil)'!$J$5:$J$371,'Hisob (batafsil)'!$C$5:$C$371,"Konditsioner va ventilyatsiya") -> 18061.765 | D19: =C19*Narxlar!$C$58 -> 214935000 | E19: =IF($C$25=0,0,C19/$C$25) -> 0.20708895
A20: 15 | B20: Mebel va interyer | C20: =SUMIFS('Hisob (batafsil)'!$J$5:$J$371,'Hisob (batafsil)'!$C$5:$C$371,"Mebel va interyer") -> 13100 | D20: =C20*Narxlar!$C$58 -> 155890000 | E20: =IF($C$25=0,0,C20/$C$25) -> 0.15019935
A21: 16 | B21: E'lon va e'tirof doskalari | C21: =SUMIFS('Hisob (batafsil)'!$J$5:$J$371,'Hisob (batafsil)'!$C$5:$C$371,"E'lon va e'tirof doskalari") -> 370 | D21: =C21*Narxlar!$C$58 -> 4403000 | E21: =IF($C$25=0,0,C21/$C$25) -> 0.0042422717
A22: 17 | B22: Eshiklar | C22: =SUMIFS('Hisob (batafsil)'!$J$5:$J$371,'Hisob (batafsil)'!$C$5:$C$371,"Eshiklar") -> 2350 | D22: =C22*Narxlar!$C$58 -> 27965000 | E22: =IF($C$25=0,0,C22/$C$25) -> 0.026944158
A23: 18 | B23: Internet va Wi-Fi | C23: =SUMIFS('Hisob (batafsil)'!$J$5:$J$371,'Hisob (batafsil)'!$C$5:$C$371,"Internet va Wi-Fi") -> 2737.563 | D23: =C23*Narxlar!$C$58 -> 32577000 | E23: =IF($C$25=0,0,C23/$C$25) -> 0.0313878
A24: 19 | B24: Elektr | C24: =SUMIFS('Hisob (batafsil)'!$J$5:$J$371,'Hisob (batafsil)'!$C$5:$C$371,"Elektr") -> 3264.6639 | D24: =C24*Narxlar!$C$58 -> 38849500 | E24: =IF($C$25=0,0,C24/$C$25) -> 0.037431327
B25: JAMI | C25: =SUM(C6:C24) -> 87217.423 | D25: =C25*Narxlar!$C$58 -> 1037887328 | E25: =SUM(E6:E24) -> 1
B26: ="Kutilmagan xarajatlar ("&TEXT(Narxlar!$C$132,"0%")&")" -> Kutilmagan xarajatlar (10%) | C26: =C25*Narxlar!$C$132 -> 8721.7423 | D26: =C26*Narxlar!$C$58 -> 1.0378873e+08
B27: UMUMIY JAMI | C27: =C25+C26 -> 95939.165 | D27: =C27*Narxlar!$C$58 -> 1.1416761e+09
B28: shundan taxminiy narxlar (mebel, interyer, koworking sahnasi, koridor oxiri dekori, doskalar, 1-qavat logotiplari, kanalli konditsionerlar, diffuzor va panjaralar, eshik mexanizmlari) — kutilmagan xarajatsiz | C28: =SUMIFS('Hisob (batafsil)'!$J$5:$J$371,'Hisob (batafsil)'!$K$5:$K$371,"poeSw")+SUMIFS('Hisob (batafsil)'!$J$5:$J$371,'Hisob (batafsil)'!$K$5:$K$371,"shkaf18")+SUMIFS('Hisob (batafsil)'!$J$5:$J$371,'Hisob (batafsil)'!$K$5:$K$371,"ups")+SUMIFS('Hisob (batafsil)'!$J$5:$J$371,'Hisob (batafsil)'!$K$5:$K$371,"router")+SUMIFS('Hisob (batafsil)'!$J$5:$J$371,'Hisob (batafsil)'!$K$5:$K$371,"sw48")+SUMIFS('Hisob (batafsil)'!$J$5:$J$371,'Hisob (batafsil)'!$K$5:$K$371,"patch")+SUMIFS('Hisob (batafsil)'!$J$5:$J$371,'Hisob (batafsil)'!$K$5:$K$371,"rj45")+SUMIFS('Hisob (batafsil)'!$J$5:$J$371,'Hisob (batafsil)'!$K$5:$K$371,"ap")+SUMIFS('Hisob (batafsil)'!$J$5:$J$371,'Hisob (batafsil)'!$K$5:$K$371,"cat6")+SUMIFS('Hisob (batafsil)'!$J$5:$J$371,'Hisob (batafsil)'!$K$5:$K$371,"netMontaj")+SUMIFS('Hisob (batafsil)'!$J$5:$J$371,'Hisob (batafsil)'!$K$5:$K$371,"lotok")+SUMIFS('Hisob (batafsil)'!$J$5:$J$371,'Hisob (batafsil)'!$K$5:$K$371,"k25")+SUMIFS('Hisob (batafsil)'!$J$5:$J$371,'Hisob (batafsil)'!$K$5:$K$371,"k15")+SUMIFS('Hisob (batafsil)'!$J$5:$J$371,'Hisob (batafsil)'!$K$5:$K$371,"k54")+SUMIFS('Hisob (batafsil)'!$J$5:$J$371,'Hisob (batafsil)'!$K$5:$K$371,"gofra")+SUMIFS('Hisob (batafsil)'!$J$5:$J$371,'Hisob (batafsil)'!$K$5:$K$371,"rozetka")+SUMIFS('Hisob (batafsil)'!$J$5:$J$371,'Hisob (batafsil)'!$K$5:$K$371,"vykl")+SUMIFS('Hisob (batafsil)'!$J$5:$J$371,'Hisob (batafsil)'!$K$5:$K$371,"difavt")+SUMIFS('Hisob (batafsil)'!$J$5:$J$371,'Hisob (batafsil)'!$K$5:$K$371,"avt1")+SUMIFS('Hisob (batafsil)'!$J$5:$J$371,'Hisob (batafsil)'!$K$5:$K$371,"avt3")+SUMIFS('Hisob (batafsil)'!$J$5:$J$371,'Hisob (batafsil)'!$K$5:$K$371,"shitQuti")+SUMIFS('Hisob (batafsil)'!$J$5:$J$371,'Hisob (batafsil)'!$K$5:$K$371,"elMontaj")+SUMIFS('Hisob (batafsil)'!$J$5:$J$371,'Hisob (batafsil)'!$K$5:$K$371,"kk")+SUMIFS('Hisob (batafsil)'!$J$5:$J$371,'Hisob (batafsil)'!$K$5:$K$371,"diffuzor")+SUMIFS('Hisob (batafsil)'!$J$5:$J$371,'Hisob (batafsil)'!$K$5:$K$371,"sorPanjara")+SUMIFS('Hisob (batafsil)'!$J$5:$J$371,'Hisob (batafsil)'!$K$5:$K$371,"qPanjara")+SUMIFS('Hisob (batafsil)'!$J$5:$J$371,'Hisob (batafsil)'!$K$5:$K$371,"vv")+SUMIFS('Hisob (batafsil)'!$J$5:$J$371,'Hisob (batafsil)'!$K$5:$K$371,"surmaMex")+SUMIFS('Hisob (batafsil)'!$J$5:$J$371,'Hisob (batafsil)'!$K$5:$K$371,"eshKL")+SUMIFS('Hisob (batafsil)'!$J$5:$J$371,'Hisob (batafsil)'!$K$5:$K$371,"stolOfis")+SUMIFS('Hisob (batafsil)'!$J$5:$J$371,'Hisob (batafsil)'!$K$5:$K$371,"kreslo")+SUMIFS('Hisob (batafsil)'!$J$5:$J$371,'Hisob (batafsil)'!$K$5:$K$371,"mijozStul")+SUMIFS('Hisob (batafsil)'!$J$5:$J$371,'Hisob (batafsil)'!$K$5:$K$371,"divan")+SUMIFS('Hisob (batafsil)'!$J$5:$J$371,'Hisob (batafsil)'!$K$5:$K$371,"shkaf")+SUMIFS('Hisob (batafsil)'!$J$5:$J$371,'Hisob (batafsil)'!$K$5:$K$371,"stolcha")+SUMIFS('Hisob (batafsil)'!$J$5:$J$371,'Hisob (batafsil)'!$K$5:$K$371,"interyerXZ1")+SUMIFS('Hisob (batafsil)'!$J$5:$J$371,'Hisob (batafsil)'!$K$5:$K$371,"interyerXZ2")+SUMIFS('Hisob (batafsil)'!$J$5:$J$371,'Hisob (batafsil)'!$K$5:$K$371,"elonDoska")+SUMIFS('Hisob (batafsil)'!$J$5:$J$371,'Hisob (batafsil)'!$K$5:$K$371,"etirofDoska")+SUMIFS('Hisob (batafsil)'!$J$5:$J$371,'Hisob (batafsil)'!$K$5:$K$371,"resepshn")+SUMIFS('Hisob (batafsil)'!$J$5:$J$371,'Hisob (batafsil)'!$K$5:$K$371,"resepshnPanel")+SUMIFS('Hisob (batafsil)'!$J$5:$J$371,'Hisob (batafsil)'!$K$5:$K$371,"logoDevor1")+SUMIFS('Hisob (batafsil)'!$J$5:$J$371,'Hisob (batafsil)'!$K$5:$K$371,"logoStol1")+SUMIFS('Hisob (batafsil)'!$J$5:$J$371,'Hisob (batafsil)'!$K$5:$K$371,"sahnaDevor")+SUMIFS('Hisob (batafsil)'!$J$5:$J$371,'Hisob (batafsil)'!$K$5:$K$371,"sahnaReyka")+SUMIFS('Hisob (batafsil)'!$J$5:$J$371,'Hisob (batafsil)'!$K$5:$K$371,"sahnaLogo")+SUMIFS('Hisob (batafsil)'!$J$5:$J$371,'Hisob (batafsil)'!$K$5:$K$371,"sahnaYor")+SUMIFS('Hisob (batafsil)'!$J$5:$J$371,'Hisob (batafsil)'!$K$5:$K$371,"sahnaEkran")+SUMIFS('Hisob (batafsil)'!$J$5:$J$371,'Hisob (batafsil)'!$K$5:$K$371,"sahnaAudio")+SUMIFS('Hisob (batafsil)'!$J$5:$J$371,'Hisob (batafsil)'!$K$5:$K$371,"sahnaPol")+SUMIFS('Hisob (batafsil)'!$J$5:$J$371,'Hisob (batafsil)'!$K$5:$K$371,"minbar")+SUMIFS('Hisob (batafsil)'!$J$5:$J$371,'Hisob (batafsil)'!$K$5:$K$371,"sahnaOsimlik")+SUMIFS('Hisob (batafsil)'!$J$5:$J$371,'Hisob (batafsil)'!$K$5:$K$371,"korMarmar")+SUMIFS('Hisob (batafsil)'!$J$5:$J$371,'Hisob (batafsil)'!$K$5:$K$371,"korMox")+SUMIFS('Hisob (batafsil)'!$J$5:$J$371,'Hisob (batafsil)'!$K$5:$K$371,"korReyka")+SUMIFS('Hisob (batafsil)'!$J$5:$J$371,'Hisob (batafsil)'!$K$5:$K$371,"korYashil") -> 35902.227 | D28: =C28*Narxlar!$C$58 -> 427236500
A30: 2. Qavat va bo'limlar bo'yicha
A31: № | B31: Bo'lim | C31: Summa, $ | D31: Summa, so'm | E31: Ulush
A32: 1 | B32: 1-qavat: kirish zali | C32: ='Xonalar bo''yicha'!$Z$7 -> 3430 | D32: =C32*Narxlar!$C$58 -> 40817000 | E32: =IF($C$37=0,0,C32/$C$37) -> 0.039327005
A33: 2 | B33: 2-qavat: o'quv xonalari | C33: ='Xonalar bo''yicha'!$Z$17 -> 21453.31 | D33: =C33*Narxlar!$C$58 -> 255294389 | E33: =IF($C$37=0,0,C33/$C$37) -> 0.24597505
A34: 3 | B34: 2-qavat: ofis xonalari | C34: ='Xonalar bo''yicha'!$Z$25 -> 10760.58 | D34: =C34*Narxlar!$C$58 -> 128050902 | E34: =IF($C$37=0,0,C34/$C$37) -> 0.1233765
A35: 4 | B35: 2-qavat: umumiy joylar | C35: ='Xonalar bo''yicha'!$Z$36 -> 44014.458 | D35: =C35*Narxlar!$C$58 -> 523772050 | E35: =IF($C$37=0,0,C35/$C$37) -> 0.50465213
A36: 5 | B36: 3-qavat va hojatxonalar | C36: ='Xonalar bo''yicha'!$Z$41 -> 7559.0745 | D36: =C36*Narxlar!$C$58 -> 89952987 | E36: =IF($C$37=0,0,C36/$C$37) -> 0.086669318
B37: JAMI | C37: =SUM(C32:C36) -> 87217.423 | D37: =C37*Narxlar!$C$58 -> 1037887328 | E37: =SUM(E32:E36) -> 1
B39: Tekshiruv: ikki jadval jamisi farqi (0 bo'lishi kerak) | C39: =C25-C37 -> 0
B40: Dollar kursi (so'm/$) — «Narxlar» varag'idan | C40: =Narxlar!$C$58 -> 11900

Sheet Fazalar
A1: PDP Academy · Xadra filiali: xarajatlar fazalar bo'yicha — ishlar ketma-ketligi, sanalar va pul oqimi
A2: Boshlanish sanasini (ko'k) o'zgartirsangiz, barcha sanalar qayta hisoblanadi. Ish haftasi — dushanba–shanba, bayramlar chiqariladi. Summalar «Hisob (batafsil)» dan, fazalarga ulush bilan (pastdagi 3-jadval; ko'k ulushlarni o'zgartirish mumkin).
B4: Boshlanish sanasi | C4: 46314 | D4: Taxmin: ruxsat va shartnomalardan keyingi dushanba — aniq sana bilan almashtiring
B5: Bayramlar (ish kuni emas) | C5: 46364 | D5: 46387 | E5: 46388 | F5: 46389
A7: 1. Fazalar: ishlar va sanalar
A8: Faza | B8: Nomi | C8: Ishlar | D8: Ish kuni | E8: Boshlanishi | F8: Tugashi | G8: Xarajat, $ | H8: Kutilmagan, $ | I8: Jami, $ | J8: Jami, so'm | K8: Ulush | L8: Yig'ma, $
A9: F0 | B9: Tayyorgarlik va buyurtmalar | C9: Ijaraga beruvchining yozma roziligi (devor buzish, tomga tashqi bloklar); joyida o'lchov (oynalar, ustunlar, tom); pudratchilar bilan shartnomalar; uzoq tayyorlanadigan buyurtmalar — kanalli konditsionerlar, mebel va resepshn, logotiplar (avans) | D9: 6 | E9: =WORKDAY.INTL($C$4-1,1,"0000001",$C$5:$F$5) -> 46314 | F9: =WORKDAY.INTL(E9,D9-1,"0000001",$C$5:$F$5) -> 46319 | G9: =L129 -> 10520 | H9: =G9*Narxlar!$C$132 -> 1052 | I9: =G9+H9 -> 11572 | J9: =I9*Narxlar!$C$58 -> 137706800 | K9: =IF($I$15=0,0,I9/$I$15) -> 0.1206181 | L9: =SUM($I$9:I9) -> 11572
A10: F1 | B10: Buzish ishlari | C10: Eski devorlarni buzish, qurilish chiqindisini olib chiqish; pol, oyna va eshiklarni himoyalash | D10: 4 | E10: =WORKDAY.INTL(F9,1,"0000001",$C$5:$F$5) -> 46321 | F10: =WORKDAY.INTL(E10,D10-1,"0000001",$C$5:$F$5) -> 46324 | G10: =M129 -> 340.54622 | H10: =G10*Narxlar!$C$132 -> 34.054622 | I10: =G10+H10 -> 374.60084 | J10: =I10*Narxlar!$C$58 -> 4457750 | K10: =IF($I$15=0,0,I10/$I$15) -> 0.0039045664 | L10: =SUM($I$9:I10) -> 11946.601
A11: F2 | B11: Qora ishlar va muhandislik tarmoqlari | C11: GKL karkaslar va birinchi tomoni; elektr (yoritish, konditsioner liniyalari, kamera va yong'in signalizatsiyasi kabellari); santexnika quvurlari va nuqtalari; kanalli konditsionerlar (kladovka shifti ustida), vitechka ventilyatori, havo kanallari, freon trassalari va drenaj — shift yopilishidan oldin; tashqi blok tayanch ramalari | D11: 12 | E11: =WORKDAY.INTL(F10,1,"0000001",$C$5:$F$5) -> 46325 | F11: =WORKDAY.INTL(E11,D11-1,"0000001",$C$5:$F$5) -> 46338 | G11: =N129 -> 18139.609 | H11: =G11*Narxlar!$C$132 -> 1813.9609 | I11: =G11+H11 -> 19953.569 | J11: =I11*Narxlar!$C$58 -> 2.3744748e+08 | K11: =IF($I$15=0,0,I11/$I$15) -> 0.20798148 | L11: =SUM($I$9:I11) -> 31900.17
A12: F3 | B12: Pardoz ishlari | C12: GKL ikkinchi tomoni, shpaklyovka, bo'yoq; hojatxona kafeli; bambuk panellar; sahna poli; shisha devorlar o'lchovi va buyurtmasi (avans) | D12: 10 | E12: =WORKDAY.INTL(F11,1,"0000001",$C$5:$F$5) -> 46339 | F12: =WORKDAY.INTL(E12,D12-1,"0000001",$C$5:$F$5) -> 46350 | G12: =O129 -> 17034.725 | H12: =G12*Narxlar!$C$132 -> 1703.4725 | I12: =G12+H12 -> 18738.197 | J12: =I12*Narxlar!$C$58 -> 2.2298455e+08 | K12: =IF($I$15=0,0,I12/$I$15) -> 0.19531333 | L12: =SUM($I$9:I12) -> 50638.368
A13: F4 | B13: O'rnatish ishlari | C13: Shisha devor va suriladigan eshiklar, kladovka eshiklari, perila, yoritish, diffuzor va panjaralar, santexnika jihozlari va kabinalar, kameralar va NVR, yong'in signalizatsiyasi asboblari, interaktiv doskalar, matli plyonka, sahna yoritishi va ekran | D13: 10 | E13: =WORKDAY.INTL(F12,1,"0000001",$C$5:$F$5) -> 46351 | F13: =WORKDAY.INTL(E13,D13-1,"0000001",$C$5:$F$5) -> 46361 | G13: =P129 -> 32442.543 | H13: =G13*Narxlar!$C$132 -> 3244.2543 | I13: =G13+H13 -> 35686.797 | J13: =I13*Narxlar!$C$58 -> 4.2467288e+08 | K13: =IF($I$15=0,0,I13/$I$15) -> 0.37197319 | L13: =SUM($I$9:I13) -> 86325.165
A14: F5 | B14: Mebel, brending va ishga tushirish | C14: Mebel va resepshn (qoldiq), logotiplar, e'lon va e'tirof doskalari, sahna reykalari, ovoz, minbar; HVAC sozlash va sinov, yong'in xavfsizligi qabuli, tozalash | D14: 6 | E14: =WORKDAY.INTL(F13,1,"0000001",$C$5:$F$5) -> 46363 | F14: =WORKDAY.INTL(E14,D14-1,"0000001",$C$5:$F$5) -> 46370 | G14: =Q129 -> 8740 | H14: =G14*Narxlar!$C$132 -> 874 | I14: =G14+H14 -> 9614 | J14: =I14*Narxlar!$C$58 -> 114406600 | K14: =IF($I$15=0,0,I14/$I$15) -> 0.10020934 | L14: =SUM($I$9:I14) -> 95939.165
B15: JAMI | D15: =SUM(D9:D14) -> 48 | E15: =E9 -> 46314 | F15: =F14 -> 46370 | G15: =SUM(G9:G14) -> 87217.423 | H15: =SUM(H9:H14) -> 8721.7423 | I15: =SUM(I9:I14) -> 95939.165 | J15: =I15*Narxlar!$C$58 -> 1.1416761e+09 | K15: =SUM(K9:K14) -> 1
B16: Tekshiruv: «Yakuniy» UMUMIY JAMI bilan farq (0 bo'lishi kerak) | I16: =I15-Yakuniy!$C$27 -> 0
B17: Kalendar kunlar (boshlanishdan tugashgacha) | D17: =F15-E15+1 -> 57
A19: 2. Haftalik grafik (rangli — faza ishlaydigan hafta)
A20: Faza | B20: Hafta boshi (dushanba) | C20: =$C$4-WEEKDAY($C$4,2)+1+7*0 -> 46314 | D20: =$C$4-WEEKDAY($C$4,2)+1+7*1 -> 46321 | E20: =$C$4-WEEKDAY($C$4,2)+1+7*2 -> 46328 | F20: =$C$4-WEEKDAY($C$4,2)+1+7*3 -> 46335 | G20: =$C$4-WEEKDAY($C$4,2)+1+7*4 -> 46342 | H20: =$C$4-WEEKDAY($C$4,2)+1+7*5 -> 46349 | I20: =$C$4-WEEKDAY($C$4,2)+1+7*6 -> 46356 | J20: =$C$4-WEEKDAY($C$4,2)+1+7*7 -> 46363 | K20: =$C$4-WEEKDAY($C$4,2)+1+7*8 -> 46370 | L20: =$C$4-WEEKDAY($C$4,2)+1+7*9 -> 46377
A21: F0 | B21: Tayyorgarlik va buyurtmalar | C21: =IF(AND($E$9<=C$20+6,$F$9>=C$20),1,0) -> 1 | D21: =IF(AND($E$9<=D$20+6,$F$9>=D$20),1,0) -> 0 | E21: =IF(AND($E$9<=E$20+6,$F$9>=E$20),1,0) -> 0 | F21: =IF(AND($E$9<=F$20+6,$F$9>=F$20),1,0) -> 0 | G21: =IF(AND($E$9<=G$20+6,$F$9>=G$20),1,0) -> 0 | H21: =IF(AND($E$9<=H$20+6,$F$9>=H$20),1,0) -> 0 | I21: =IF(AND($E$9<=I$20+6,$F$9>=I$20),1,0) -> 0 | J21: =IF(AND($E$9<=J$20+6,$F$9>=J$20),1,0) -> 0 | ... L21: =IF(AND($E$9<=L$20+6,$F$9>=L$20),1,0) -> 0
A22: F1 | B22: Buzish ishlari | C22: =IF(AND($E$10<=C$20+6,$F$10>=C$20),1,0) -> 0 | D22: =IF(AND($E$10<=D$20+6,$F$10>=D$20),1,0) -> 1 | E22: =IF(AND($E$10<=E$20+6,$F$10>=E$20),1,0) -> 0 | F22: =IF(AND($E$10<=F$20+6,$F$10>=F$20),1,0) -> 0 | G22: =IF(AND($E$10<=G$20+6,$F$10>=G$20),1,0) -> 0 | H22: =IF(AND($E$10<=H$20+6,$F$10>=H$20),1,0) -> 0 | I22: =IF(AND($E$10<=I$20+6,$F$10>=I$20),1,0) -> 0 | J22: =IF(AND($E$10<=J$20+6,$F$10>=J$20),1,0) -> 0 | ... L22: =IF(AND($E$10<=L$20+6,$F$10>=L$20),1,0) -> 0
A23: F2 | B23: Qora ishlar va muhandislik tarmoqlari | C23: =IF(AND($E$11<=C$20+6,$F$11>=C$20),1,0) -> 0 | D23: =IF(AND($E$11<=D$20+6,$F$11>=D$20),1,0) -> 1 | E23: =IF(AND($E$11<=E$20+6,$F$11>=E$20),1,0) -> 1 | F23: =IF(AND($E$11<=F$20+6,$F$11>=F$20),1,0) -> 1 | G23: =IF(AND($E$11<=G$20+6,$F$11>=G$20),1,0) -> 0 | H23: =IF(AND($E$11<=H$20+6,$F$11>=H$20),1,0) -> 0 | I23: =IF(AND($E$11<=I$20+6,$F$11>=I$20),1,0) -> 0 | J23: =IF(AND($E$11<=J$20+6,$F$11>=J$20),1,0) -> 0 | ... L23: =IF(AND($E$11<=L$20+6,$F$11>=L$20),1,0) -> 0
A24: F3 | B24: Pardoz ishlari | C24: =IF(AND($E$12<=C$20+6,$F$12>=C$20),1,0) -> 0 | D24: =IF(AND($E$12<=D$20+6,$F$12>=D$20),1,0) -> 0 | E24: =IF(AND($E$12<=E$20+6,$F$12>=E$20),1,0) -> 0 | F24: =IF(AND($E$12<=F$20+6,$F$12>=F$20),1,0) -> 1 | G24: =IF(AND($E$12<=G$20+6,$F$12>=G$20),1,0) -> 1 | H24: =IF(AND($E$12<=H$20+6,$F$12>=H$20),1,0) -> 1 | I24: =IF(AND($E$12<=I$20+6,$F$12>=I$20),1,0) -> 0 | J24: =IF(AND($E$12<=J$20+6,$F$12>=J$20),1,0) -> 0 | ... L24: =IF(AND($E$12<=L$20+6,$F$12>=L$20),1,0) -> 0
A25: F4 | B25: O'rnatish ishlari | C25: =IF(AND($E$13<=C$20+6,$F$13>=C$20),1,0) -> 0 | D25: =IF(AND($E$13<=D$20+6,$F$13>=D$20),1,0) -> 0 | E25: =IF(AND($E$13<=E$20+6,$F$13>=E$20),1,0) -> 0 | F25: =IF(AND($E$13<=F$20+6,$F$13>=F$20),1,0) -> 0 | G25: =IF(AND($E$13<=G$20+6,$F$13>=G$20),1,0) -> 0 | H25: =IF(AND($E$13<=H$20+6,$F$13>=H$20),1,0) -> 1 | I25: =IF(AND($E$13<=I$20+6,$F$13>=I$20),1,0) -> 1 | J25: =IF(AND($E$13<=J$20+6,$F$13>=J$20),1,0) -> 0 | ... L25: =IF(AND($E$13<=L$20+6,$F$13>=L$20),1,0) -> 0
A26: F5 | B26: Mebel, brending va ishga tushirish | C26: =IF(AND($E$14<=C$20+6,$F$14>=C$20),1,0) -> 0 | D26: =IF(AND($E$14<=D$20+6,$F$14>=D$20),1,0) -> 0 | E26: =IF(AND($E$14<=E$20+6,$F$14>=E$20),1,0) -> 0 | F26: =IF(AND($E$14<=F$20+6,$F$14>=F$20),1,0) -> 0 | G26: =IF(AND($E$14<=G$20+6,$F$14>=G$20),1,0) -> 0 | H26: =IF(AND($E$14<=H$20+6,$F$14>=H$20),1,0) -> 0 | I26: =IF(AND($E$14<=I$20+6,$F$14>=I$20),1,0) -> 0 | J26: =IF(AND($E$14<=J$20+6,$F$14>=J$20),1,0) -> 1 | ... L26: =IF(AND($E$14<=L$20+6,$F$14>=L$20),1,0) -> 0
A28: Oylik pul oqimi: faza summasi uning kalendar kunlariga teng taqsimlanadi (avanslar faza boshida to'lanishini hisobga oling)
A29: Faza | B29: Oy | C29: =EDATE(DATE(YEAR($C$4),MONTH($C$4),1),0) -> 46296 | D29: =EDATE(DATE(YEAR($C$4),MONTH($C$4),1),1) -> 46327 | E29: =EDATE(DATE(YEAR($C$4),MONTH($C$4),1),2) -> 46357 | F29: =EDATE(DATE(YEAR($C$4),MONTH($C$4),1),3) -> 46388
A30: F0 | B30: Tayyorgarlik va buyurtmalar | C30: =$I$9*MAX(0,MIN($F$9,EOMONTH(C$29,0))-MAX($E$9,C$29)+1)/($F$9-$E$9+1) -> 11572 | D30: =$I$9*MAX(0,MIN($F$9,EOMONTH(D$29,0))-MAX($E$9,D$29)+1)/($F$9-$E$9+1) -> 0 | E30: =$I$9*MAX(0,MIN($F$9,EOMONTH(E$29,0))-MAX($E$9,E$29)+1)/($F$9-$E$9+1) -> 0 | F30: =$I$9*MAX(0,MIN($F$9,EOMONTH(F$29,0))-MAX($E$9,F$29)+1)/($F$9-$E$9+1) -> 0
A31: F1 | B31: Buzish ishlari | C31: =$I$10*MAX(0,MIN($F$10,EOMONTH(C$29,0))-MAX($E$10,C$29)+1)/($F$10-$E$10+1) -> 374.60084 | D31: =$I$10*MAX(0,MIN($F$10,EOMONTH(D$29,0))-MAX($E$10,D$29)+1)/($F$10-$E$10+1) -> 0 | E31: =$I$10*MAX(0,MIN($F$10,EOMONTH(E$29,0))-MAX($E$10,E$29)+1)/($F$10-$E$10+1) -> 0 | F31: =$I$10*MAX(0,MIN($F$10,EOMONTH(F$29,0))-MAX($E$10,F$29)+1)/($F$10-$E$10+1) -> 0
A32: F2 | B32: Qora ishlar va muhandislik tarmoqlari | C32: =$I$11*MAX(0,MIN($F$11,EOMONTH(C$29,0))-MAX($E$11,C$29)+1)/($F$11-$E$11+1) -> 2850.5099 | D32: =$I$11*MAX(0,MIN($F$11,EOMONTH(D$29,0))-MAX($E$11,D$29)+1)/($F$11-$E$11+1) -> 17103.06 | E32: =$I$11*MAX(0,MIN($F$11,EOMONTH(E$29,0))-MAX($E$11,E$29)+1)/($F$11-$E$11+1) -> 0 | F32: =$I$11*MAX(0,MIN($F$11,EOMONTH(F$29,0))-MAX($E$11,F$29)+1)/($F$11-$E$11+1) -> 0
A33: F3 | B33: Pardoz ishlari | C33: =$I$12*MAX(0,MIN($F$12,EOMONTH(C$29,0))-MAX($E$12,C$29)+1)/($F$12-$E$12+1) -> 0 | D33: =$I$12*MAX(0,MIN($F$12,EOMONTH(D$29,0))-MAX($E$12,D$29)+1)/($F$12-$E$12+1) -> 18738.197 | E33: =$I$12*MAX(0,MIN($F$12,EOMONTH(E$29,0))-MAX($E$12,E$29)+1)/($F$12-$E$12+1) -> 0 | F33: =$I$12*MAX(0,MIN($F$12,EOMONTH(F$29,0))-MAX($E$12,F$29)+1)/($F$12-$E$12+1) -> 0
A34: F4 | B34: O'rnatish ishlari | C34: =$I$13*MAX(0,MIN($F$13,EOMONTH(C$29,0))-MAX($E$13,C$29)+1)/($F$13-$E$13+1) -> 0 | D34: =$I$13*MAX(0,MIN($F$13,EOMONTH(D$29,0))-MAX($E$13,D$29)+1)/($F$13-$E$13+1) -> 19465.526 | E34: =$I$13*MAX(0,MIN($F$13,EOMONTH(E$29,0))-MAX($E$13,E$29)+1)/($F$13-$E$13+1) -> 16221.271 | F34: =$I$13*MAX(0,MIN($F$13,EOMONTH(F$29,0))-MAX($E$13,F$29)+1)/($F$13-$E$13+1) -> 0
A35: F5 | B35: Mebel, brending va ishga tushirish | C35: =$I$14*MAX(0,MIN($F$14,EOMONTH(C$29,0))-MAX($E$14,C$29)+1)/($F$14-$E$14+1) -> 0 | D35: =$I$14*MAX(0,MIN($F$14,EOMONTH(D$29,0))-MAX($E$14,D$29)+1)/($F$14-$E$14+1) -> 0 | E35: =$I$14*MAX(0,MIN($F$14,EOMONTH(E$29,0))-MAX($E$14,E$29)+1)/($F$14-$E$14+1) -> 9614 | F35: =$I$14*MAX(0,MIN($F$14,EOMONTH(F$29,0))-MAX($E$14,F$29)+1)/($F$14-$E$14+1) -> 0
B36: Jami, $ | C36: =SUM(C30:C35) -> 14797.111 | D36: =SUM(D30:D35) -> 55306.783 | E36: =SUM(E30:E35) -> 25835.271 | F36: =SUM(F30:F35) -> 0
B37: Jami, so'm | C37: =C36*Narxlar!$C$58 -> 1.7608562e+08 | D37: =D36*Narxlar!$C$58 -> 6.5815071e+08 | E37: =E36*Narxlar!$C$58 -> 3.0743973e+08 | F37: =F36*Narxlar!$C$58 -> 0
A39: 3. Xarajatlarning fazalarga taqsimoti (ulush — ko'k, o'zgartirish mumkin; har qatorda jami 100%)
A40: Kalit | B40: Xarajat | C40: Turi | D40: Jami, $ | E40: F0, % | F40: F1, % | G40: F2, % | H40: F3, % | I40: F4, % | J40: F5, % | K40: Σ % | L40: F0, $ | M40: F1, $ | N40: F2, $ | O40: F3, $ | P40: F4, $ | Q40: F5, $
A41: logoDevor1 | B41: 1-qavat: devordagi yorituvchi logotip ~1.5 m (to'q panelda) | C41: Logotip | D41: =SUMIFS('Hisob (batafsil)'!$J$5:$J$371,'Hisob (batafsil)'!$K$5:$K$371,$A41) -> 500 | E41: 0.5 | F41: 0 | G41: 0 | H41: 0 | I41: 0 | J41: 0.5 | K41: =SUM(E41:J41) -> 1 | L41: =$D41*E41 -> 250 | M41: =$D41*F41 -> 0 | N41: =$D41*G41 -> 0 | O41: =$D41*H41 -> 0 | P41: =$D41*I41 -> 0 | Q41: =$D41*J41 -> 250
A42: logoStol1 | B42: 1-qavat: resepshn stoykasidagi logotip ~1.0 m (yoritilgan) | C42: Logotip | D42: =SUMIFS('Hisob (batafsil)'!$J$5:$J$371,'Hisob (batafsil)'!$K$5:$K$371,$A42) -> 250 | E42: 0.5 | F42: 0 | G42: 0 | H42: 0 | I42: 0 | J42: 0.5 | K42: =SUM(E42:J42) -> 1 | L42: =$D42*E42 -> 125 | M42: =$D42*F42 -> 0 | N42: =$D42*G42 -> 0 | O42: =$D42*H42 -> 0 | P42: =$D42*I42 -> 0 | Q42: =$D42*J42 -> 125
A43: logo | B43: Logotiplar — 2-qavat (jami) | C43: Logotip | D43: =SUMIFS('Hisob (batafsil)'!$J$5:$J$371,'Hisob (batafsil)'!$K$5:$K$371,$A43) -> 2500 | E43: 0.5 | F43: 0 | G43: 0 | H43: 0 | I43: 0 | J43: 0.5 | K43: =SUM(E43:J43) -> 1 | L43: =$D43*E43 -> 1250 | M43: =$D43*F43 -> 0 | N43: =$D43*G43 -> 0 | O43: =$D43*H43 -> 0 | P43: =$D43*I43 -> 0 | Q43: =$D43*J43 -> 1250
A44: kk | B44: Kanalli konditsioner 96 000 BTU (ichki kanalli blok, tashqi blok, tashqi havo aralashtirish kamerasi) | C44: Konditsioner va ventilyatsiya | D44: =SUMIFS('Hisob (batafsil)'!$J$5:$J$371,'Hisob (batafsil)'!$K$5:$K$371,$A44) -> 10000 | E44: 0.5 | F44: 0 | G44: 0.5 | H44: 0 | I44: 0 | J44: 0 | K44: =SUM(E44:J44) -> 1 | L44: =$D44*E44 -> 5000 | M44: =$D44*F44 -> 0 | N44: =$D44*G44 -> 5000 | O44: =$D44*H44 -> 0 | P44: =$D44*I44 -> 0 | Q44: =$D44*J44 -> 0
A45: resepshn | B45: Resepshn stoykasi 1.8 m (buyurtma: peshtaxta 1.10 m, zal tomonidagi panelda logotip uchun joy) | C45: Mebel va interyer | D45: =SUMIFS('Hisob (batafsil)'!$J$5:$J$371,'Hisob (batafsil)'!$K$5:$K$371,$A45) -> 1500 | E45: 0.5 | F45: 0 | G45: 0 | H45: 0 | I45: 0 | J45: 0.5 | K45: =SUM(E45:J45) -> 1 | L45: =$D45*E45 -> 750 | M45: =$D45*F45 -> 0 | N45: =$D45*G45 -> 0 | O45: =$D45*H45 -> 0 | P45: =$D45*I45 -> 0 | Q45: =$D45*J45 -> 750
A46: resepshnPanel | B46: Resepshn to'siq panellari (past, L shaklida ~3.4 m) va xodim eshikchasi | C46: Mebel va interyer | D46: =SUMIFS('Hisob (batafsil)'!$J$5:$J$371,'Hisob (batafsil)'!$K$5:$K$371,$A46) -> 500 | E46: 0.5 | F46: 0 | G46: 0 | H46: 0 | I46: 0 | J46: 0.5 | K46: =SUM(E46:J46) -> 1 | L46: =$D46*E46 -> 250 | M46: =$D46*F46 -> 0 | N46: =$D46*G46 -> 0 | O46: =$D46*H46 -> 0 | P46: =$D46*I46 -> 0 | Q46: =$D46*J46 -> 250
A47: kreslo | B47: Ofis kreslosi (to'r suyanchiqli) | C47: Mebel va interyer | D47: =SUMIFS('Hisob (batafsil)'!$J$5:$J$371,'Hisob (batafsil)'!$K$5:$K$371,$A47) -> 650 | E47: 0.5 | F47: 0 | G47: 0 | H47: 0 | I47: 0 | J47: 0.5 | K47: =SUM(E47:J47) -> 1 | L47: =$D47*E47 -> 325 | M47: =$D47*F47 -> 0 | N47: =$D47*G47 -> 0 | O47: =$D47*H47 -> 0 | P47: =$D47*I47 -> 0 | Q47: =$D47*J47 -> 325
A48: divan | B48: Divan, 2–3 o'rinli (kutish joyi) | C48: Mebel va interyer | D48: =SUMIFS('Hisob (batafsil)'!$J$5:$J$371,'Hisob (batafsil)'!$K$5:$K$371,$A48) -> 900 | E48: 0.5 | F48: 0 | G48: 0 | H48: 0 | I48: 0 | J48: 0.5 | K48: =SUM(E48:J48) -> 1 | L48: =$D48*E48 -> 450 | M48: =$D48*F48 -> 0 | N48: =$D48*G48 -> 0 | O48: =$D48*H48 -> 0 | P48: =$D48*I48 -> 0 | Q48: =$D48*J48 -> 450
A49: stolcha | B49: Jurnal stolchasi | C49: Mebel va interyer | D49: =SUMIFS('Hisob (batafsil)'!$J$5:$J$371,'Hisob (batafsil)'!$K$5:$K$371,$A49) -> 100 | E49: 0.5 | F49: 0 | G49: 0 | H49: 0 | I49: 0 | J49: 0.5 | K49: =SUM(E49:J49) -> 1 | L49: =$D49*E49 -> 50 | M49: =$D49*F49 -> 0 | N49: =$D49*G49 -> 0 | O49: =$D49*H49 -> 0 | P49: =$D49*I49 -> 0 | Q49: =$D49*J49 -> 50
A50: stolOfis | B50: Ofis stoli 140 × 70 (LDSP, tumba bilan) | C50: Mebel va interyer | D50: =SUMIFS('Hisob (batafsil)'!$J$5:$J$371,'Hisob (batafsil)'!$K$5:$K$371,$A50) -> 880 | E50: 0.5 | F50: 0 | G50: 0 | H50: 0 | I50: 0 | J50: 0.5 | K50: =SUM(E50:J50) -> 1 | L50: =$D50*E50 -> 440 | M50: =$D50*F50 -> 0 | N50: =$D50*G50 -> 0 | O50: =$D50*H50 -> 0 | P50: =$D50*I50 -> 0 | Q50: =$D50*J50 -> 440
A51: mijozStul | B51: Mijoz / mehmon stuli | C51: Mebel va interyer | D51: =SUMIFS('Hisob (batafsil)'!$J$5:$J$371,'Hisob (batafsil)'!$K$5:$K$371,$A51) -> 360 | E51: 0.5 | F51: 0 | G51: 0 | H51: 0 | I51: 0 | J51: 0.5 | K51: =SUM(E51:J51) -> 1 | L51: =$D51*E51 -> 180 | M51: =$D51*F51 -> 0 | N51: =$D51*G51 -> 0 | O51: =$D51*H51 -> 0 | P51: =$D51*I51 -> 0 | Q51: =$D51*J51 -> 180
A52: shkaf | B52: Hujjat shkafi / stellaj | C52: Mebel va interyer | D52: =SUMIFS('Hisob (batafsil)'!$J$5:$J$371,'Hisob (batafsil)'!$K$5:$K$371,$A52) -> 700 | E52: 0.5 | F52: 0 | G52: 0 | H52: 0 | I52: 0 | J52: 0.5 | K52: =SUM(E52:J52) -> 1 | L52: =$D52*E52 -> 350 | M52: =$D52*F52 -> 0 | N52: =$D52*G52 -> 0 | O52: =$D52*H52 -> 0 | P52: =$D52*I52 -> 0 | Q52: =$D52*J52 -> 350
... A128: etirofDoska | B128: E'tirof doskasi 1.8 × 1.0 m (brend panel, A4 akril cho'ntaklar — faxriylar, oy o'quvchisi nomzodlari) | C128: E'lon va e'tirof doskalari | D128: =SUMIFS('Hisob (batafsil)'!$J$5:$J$371,'Hisob (batafsil)'!$K$5:$K$371,$A128) -> 250 | E128: 0 | F128: 0 | G128: 0 | H128: 0 | I128: 0 | J128: 1 | K128: =SUM(E128:J128) -> 1 | L128: =$D128*E128 -> 0 | M128: =$D128*F128 -> 0 | N128: =$D128*G128 -> 0 | O128: =$D128*H128 -> 0 | P128: =$D128*I128 -> 0 | Q128: =$D128*J128 -> 250
B129: JAMI | D129: =SUM(D41:D128) -> 87217.423 | L129: =SUM(L41:L128) -> 10520 | M129: =SUM(M41:M128) -> 340.54622 | N129: =SUM(N41:N128) -> 18139.609 | O129: =SUM(O41:O128) -> 17034.725 | P129: =SUM(P41:P128) -> 32442.543 | Q129: =SUM(Q41:Q128) -> 8740
B130: Tekshiruv: «Yakuniy» JAMI (kutilmagansiz) bilan farq (0 bo'lishi kerak) | D130: =D129-Yakuniy!$C$25 -> 0
A132: Izoh:
A133: • Avanslar (F0): mebel, resepshn va logotiplarga 50% (tayyorlash 3–4 hafta); kanalli konditsionerlarga 50% — qoldig'i yetkazib berilganda (F2).
A134: • Shisha devorlar: o'lchov GKL karkasdan keyin (F3) — avans 50%, qoldig'i o'rnatishda (F4). Kanalli konditsionerlar, kanallar va freon trassalari F2 da (shiftdan oldin); diffuzor va panjaralar F4 da.
A135: • Montaj, osma shift, pol, elektr kabellari va bo'yoq narxlari jadvalda yo'q (buyurtmachi bermagan) — kelishilgach shu fazalarga qo'shiladi.
A136: • Fazalar ketma-ket olingan; ustalar soni yetarli bo'lsa F2 va F3 qisman parallel ketishi mumkin — shunda «Ish kuni» ni kamaytiring.

Sheet Xonalar bo'yicha
A1: PDP Academy · Xadra filiali (1, 2 va 3-qavat): xarajatlar, xonalar bo'yicha
A2: Har bir qator «Hisob (batafsil)» varag'idan olinadi (SUMIFS). Narxlarni «Narxlar» varag'ida o'zgartiring.
A4: Xona | B4: Shisha (devor va eshik), m² | C4: Shisha (devor va eshik), $ | D4: Gips karton (GKL), m² | E4: Gips karton (GKL), $ | F4: Bambuk panel, m² | G4: Bambuk panel, $ | H4: Interaktiv doska, dona | I4: Interaktiv doska, $ | J4: Perila, m | K4: Perila, $ | L4: Yoritish, $ | M4: Kamera tizimi, $ | N4: Logotip, $ | O4: Matli plyonka, $ | P4: Yong'in xavfsizligi, $ | Q4: Buzish ishlari, $ | R4: Santexnika, $ | S4: Kafel, $ | T4: Konditsioner va ventilyatsiya, $ | U4: Mebel va interyer (taxmin), $ | V4: E'lon va e'tirof doskalari (taxmin), $ | W4: Eshiklar: mexanizm, kladovka (taxmin), $ | X4: Internet va Wi-Fi (taxmin), $ | Y4: Elektr (taxmin), $ | Z4: Jami, $
A5: 1-qavat: kirish zali
A6: 1-qavat — kirish zali (resepshn, turniket) | B6: =SUMIFS('Hisob (batafsil)'!$G$5:$G$371,'Hisob (batafsil)'!$B$5:$B$371,$A6,'Hisob (batafsil)'!$C$5:$C$371,"Shisha devor") -> 0 | C6: =SUMIFS('Hisob (batafsil)'!$J$5:$J$371,'Hisob (batafsil)'!$B$5:$B$371,$A6,'Hisob (batafsil)'!$C$5:$C$371,"Shisha devor") -> 0 | D6: =SUMIFS('Hisob (batafsil)'!$G$5:$G$371,'Hisob (batafsil)'!$B$5:$B$371,$A6,'Hisob (batafsil)'!$C$5:$C$371,"Gips karton (GKL)") -> 0 | E6: =SUMIFS('Hisob (batafsil)'!$J$5:$J$371,'Hisob (batafsil)'!$B$5:$B$371,$A6,'Hisob (batafsil)'!$C$5:$C$371,"Gips karton (GKL)") -> 0 | F6: =SUMIFS('Hisob (batafsil)'!$G$5:$G$371,'Hisob (batafsil)'!$B$5:$B$371,$A6,'Hisob (batafsil)'!$C$5:$C$371,"Bambuk panel") -> 0 | G6: =SUMIFS('Hisob (batafsil)'!$J$5:$J$371,'Hisob (batafsil)'!$B$5:$B$371,$A6,'Hisob (batafsil)'!$C$5:$C$371,"Bambuk panel") -> 0 | H6: =SUMIFS('Hisob (batafsil)'!$G$5:$G$371,'Hisob (batafsil)'!$B$5:$B$371,$A6,'Hisob (batafsil)'!$C$5:$C$371,"Interaktiv doska") -> 0 | I6: =SUMIFS('Hisob (batafsil)'!$J$5:$J$371,'Hisob (batafsil)'!$B$5:$B$371,$A6,'Hisob (batafsil)'!$C$5:$C$371,"Interaktiv doska") -> 0 | J6: =SUMIFS('Hisob (batafsil)'!$G$5:$G$371,'Hisob (batafsil)'!$B$5:$B$371,$A6,'Hisob (batafsil)'!$C$5:$C$371,"Perila") -> 0 | K6: =SUMIFS('Hisob (batafsil)'!$J$5:$J$371,'Hisob (batafsil)'!$B$5:$B$371,$A6,'Hisob (batafsil)'!$C$5:$C$371,"Perila") -> 0 | L6: =SUMIFS('Hisob (batafsil)'!$J$5:$J$371,'Hisob (batafsil)'!$B$5:$B$371,$A6,'Hisob (batafsil)'!$C$5:$C$371,"Yoritish") -> 0 | M6: =SUMIFS('Hisob (batafsil)'!$J$5:$J$371,'Hisob (batafsil)'!$B$5:$B$371,$A6,'Hisob (batafsil)'!$C$5:$C$371,"Kamera tizimi") -> 0 | N6: =SUMIFS('Hisob (batafsil)'!$J$5:$J$371,'Hisob (batafsil)'!$B$5:$B$371,$A6,'Hisob (batafsil)'!$C$5:$C$371,"Logotip") -> 750 | O6: =SUMIFS('Hisob (batafsil)'!$J$5:$J$371,'Hisob (batafsil)'!$B$5:$B$371,$A6,'Hisob (batafsil)'!$C$5:$C$371,"Matli plyonka") -> 0 | P6: =SUMIFS('Hisob (batafsil)'!$J$5:$J$371,'Hisob (batafsil)'!$B$5:$B$371,$A6,'Hisob (batafsil)'!$C$5:$C$371,"Yong'in xavfsizligi") -> 0 | Q6: =SUMIFS('Hisob (batafsil)'!$J$5:$J$371,'Hisob (batafsil)'!$B$5:$B$371,$A6,'Hisob (batafsil)'!$C$5:$C$371,"Buzish ishlari") -> 0 | R6: =SUMIFS('Hisob (batafsil)'!$J$5:$J$371,'Hisob (batafsil)'!$B$5:$B$371,$A6,'Hisob (batafsil)'!$C$5:$C$371,"Santexnika") -> 0 | S6: =SUMIFS('Hisob (batafsil)'!$J$5:$J$371,'Hisob (batafsil)'!$B$5:$B$371,$A6,'Hisob (batafsil)'!$C$5:$C$371,"Kafel") -> 0 | T6: =SUMIFS('Hisob (batafsil)'!$J$5:$J$371,'Hisob (batafsil)'!$B$5:$B$371,$A6,'Hisob (batafsil)'!$C$5:$C$371,"Konditsioner va ventilyatsiya") -> 0 | U6: =SUMIFS('Hisob (batafsil)'!$J$5:$J$371,'Hisob (batafsil)'!$B$5:$B$371,$A6,'Hisob (batafsil)'!$C$5:$C$371,"Mebel va interyer") -> 2680 | V6: =SUMIFS('Hisob (batafsil)'!$J$5:$J$371,'Hisob (batafsil)'!$B$5:$B$371,$A6,'Hisob (batafsil)'!$C$5:$C$371,"E'lon va e'tirof doskalari") -> 0 | W6: =SUMIFS('Hisob (batafsil)'!$J$5:$J$371,'Hisob (batafsil)'!$B$5:$B$371,$A6,'Hisob (batafsil)'!$C$5:$C$371,"Eshiklar") -> 0 | X6: =SUMIFS('Hisob (batafsil)'!$J$5:$J$371,'Hisob (batafsil)'!$B$5:$B$371,$A6,'Hisob (batafsil)'!$C$5:$C$371,"Internet va Wi-Fi") -> 0 | Y6: =SUMIFS('Hisob (batafsil)'!$J$5:$J$371,'Hisob (batafsil)'!$B$5:$B$371,$A6,'Hisob (batafsil)'!$C$5:$C$371,"Elektr") -> 0 | Z6: =C6+E6+G6+I6+K6+L6+M6+N6+O6+P6+Q6+R6+S6+T6+U6+V6+W6+X6+Y6 -> 3430
A7: 1-qavat: kirish zali — jami | B7: =SUM(B6:B6) -> 0 | C7: =SUM(C6:C6) -> 0 | D7: =SUM(D6:D6) -> 0 | E7: =SUM(E6:E6) -> 0 | F7: =SUM(F6:F6) -> 0 | G7: =SUM(G6:G6) -> 0 | H7: =SUM(H6:H6) -> 0 | I7: =SUM(I6:I6) -> 0 | ... Z7: =SUM(Z6:Z6) -> 3430
A9: 2-qavat: o'quv xonalari
A10: 1-xona | B10: =SUMIFS('Hisob (batafsil)'!$G$5:$G$371,'Hisob (batafsil)'!$B$5:$B$371,$A10,'Hisob (batafsil)'!$C$5:$C$371,"Shisha devor") -> 13.75 | C10: =SUMIFS('Hisob (batafsil)'!$J$5:$J$371,'Hisob (batafsil)'!$B$5:$B$371,$A10,'Hisob (batafsil)'!$C$5:$C$371,"Shisha devor") -> 756.25 | D10: =SUMIFS('Hisob (batafsil)'!$G$5:$G$371,'Hisob (batafsil)'!$B$5:$B$371,$A10,'Hisob (batafsil)'!$C$5:$C$371,"Gips karton (GKL)") -> 7.25 | E10: =SUMIFS('Hisob (batafsil)'!$J$5:$J$371,'Hisob (batafsil)'!$B$5:$B$371,$A10,'Hisob (batafsil)'!$C$5:$C$371,"Gips karton (GKL)") -> 87 | F10: =SUMIFS('Hisob (batafsil)'!$G$5:$G$371,'Hisob (batafsil)'!$B$5:$B$371,$A10,'Hisob (batafsil)'!$C$5:$C$371,"Bambuk panel") -> 53.9 | G10: =SUMIFS('Hisob (batafsil)'!$J$5:$J$371,'Hisob (batafsil)'!$B$5:$B$371,$A10,'Hisob (batafsil)'!$C$5:$C$371,"Bambuk panel") -> 835.45 | H10: =SUMIFS('Hisob (batafsil)'!$G$5:$G$371,'Hisob (batafsil)'!$B$5:$B$371,$A10,'Hisob (batafsil)'!$C$5:$C$371,"Interaktiv doska") -> 1 | I10: =SUMIFS('Hisob (batafsil)'!$J$5:$J$371,'Hisob (batafsil)'!$B$5:$B$371,$A10,'Hisob (batafsil)'!$C$5:$C$371,"Interaktiv doska") -> 1032 | J10: =SUMIFS('Hisob (batafsil)'!$G$5:$G$371,'Hisob (batafsil)'!$B$5:$B$371,$A10,'Hisob (batafsil)'!$C$5:$C$371,"Perila") -> 0 | K10: =SUMIFS('Hisob (batafsil)'!$J$5:$J$371,'Hisob (batafsil)'!$B$5:$B$371,$A10,'Hisob (batafsil)'!$C$5:$C$371,"Perila") -> 0 | L10: =SUMIFS('Hisob (batafsil)'!$J$5:$J$371,'Hisob (batafsil)'!$B$5:$B$371,$A10,'Hisob (batafsil)'!$C$5:$C$371,"Yoritish") -> 168 | M10: =SUMIFS('Hisob (batafsil)'!$J$5:$J$371,'Hisob (batafsil)'!$B$5:$B$371,$A10,'Hisob (batafsil)'!$C$5:$C$371,"Kamera tizimi") -> 0 | N10: =SUMIFS('Hisob (batafsil)'!$J$5:$J$371,'Hisob (batafsil)'!$B$5:$B$371,$A10,'Hisob (batafsil)'!$C$5:$C$371,"Logotip") -> 0 | O10: =SUMIFS('Hisob (batafsil)'!$J$5:$J$371,'Hisob (batafsil)'!$B$5:$B$371,$A10,'Hisob (batafsil)'!$C$5:$C$371,"Matli plyonka") -> 0 | P10: =SUMIFS('Hisob (batafsil)'!$J$5:$J$371,'Hisob (batafsil)'!$B$5:$B$371,$A10,'Hisob (batafsil)'!$C$5:$C$371,"Yong'in xavfsizligi") -> 0 | Q10: =SUMIFS('Hisob (batafsil)'!$J$5:$J$371,'Hisob (batafsil)'!$B$5:$B$371,$A10,'Hisob (batafsil)'!$C$5:$C$371,"Buzish ishlari") -> 0 | R10: =SUMIFS('Hisob (batafsil)'!$J$5:$J$371,'Hisob (batafsil)'!$B$5:$B$371,$A10,'Hisob (batafsil)'!$C$5:$C$371,"Santexnika") -> 0 | S10: =SUMIFS('Hisob (batafsil)'!$J$5:$J$371,'Hisob (batafsil)'!$B$5:$B$371,$A10,'Hisob (batafsil)'!$C$5:$C$371,"Kafel") -> 0 | T10: =SUMIFS('Hisob (batafsil)'!$J$5:$J$371,'Hisob (batafsil)'!$B$5:$B$371,$A10,'Hisob (batafsil)'!$C$5:$C$371,"Konditsioner va ventilyatsiya") -> 0 | U10: =SUMIFS('Hisob (batafsil)'!$J$5:$J$371,'Hisob (batafsil)'!$B$5:$B$371,$A10,'Hisob (batafsil)'!$C$5:$C$371,"Mebel va interyer") -> 0 | V10: =SUMIFS('Hisob (batafsil)'!$J$5:$J$371,'Hisob (batafsil)'!$B$5:$B$371,$A10,'Hisob (batafsil)'!$C$5:$C$371,"E'lon va e'tirof doskalari") -> 0 | W10: =SUMIFS('Hisob (batafsil)'!$J$5:$J$371,'Hisob (batafsil)'!$B$5:$B$371,$A10,'Hisob (batafsil)'!$C$5:$C$371,"Eshiklar") -> 150 | X10: =SUMIFS('Hisob (batafsil)'!$J$5:$J$371,'Hisob (batafsil)'!$B$5:$B$371,$A10,'Hisob (batafsil)'!$C$5:$C$371,"Internet va Wi-Fi") -> 0 | Y10: =SUMIFS('Hisob (batafsil)'!$J$5:$J$371,'Hisob (batafsil)'!$B$5:$B$371,$A10,'Hisob (batafsil)'!$C$5:$C$371,"Elektr") -> 0 | Z10: =C10+E10+G10+I10+K10+L10+M10+N10+O10+P10+Q10+R10+S10+T10+U10+V10+W10+X10+Y10 -> 3028.7
A11: 2-xona | B11: =SUMIFS('Hisob (batafsil)'!$G$5:$G$371,'Hisob (batafsil)'!$B$5:$B$371,$A11,'Hisob (batafsil)'!$C$5:$C$371,"Shisha devor") -> 14 | C11: =SUMIFS('Hisob (batafsil)'!$J$5:$J$371,'Hisob (batafsil)'!$B$5:$B$371,$A11,'Hisob (batafsil)'!$C$5:$C$371,"Shisha devor") -> 770 | D11: =SUMIFS('Hisob (batafsil)'!$G$5:$G$371,'Hisob (batafsil)'!$B$5:$B$371,$A11,'Hisob (batafsil)'!$C$5:$C$371,"Gips karton (GKL)") -> 6.3 | E11: =SUMIFS('Hisob (batafsil)'!$J$5:$J$371,'Hisob (batafsil)'!$B$5:$B$371,$A11,'Hisob (batafsil)'!$C$5:$C$371,"Gips karton (GKL)") -> 75.6 | F11: =SUMIFS('Hisob (batafsil)'!$G$5:$G$371,'Hisob (batafsil)'!$B$5:$B$371,$A11,'Hisob (batafsil)'!$C$5:$C$371,"Bambuk panel") -> 53.9 | G11: =SUMIFS('Hisob (batafsil)'!$J$5:$J$371,'Hisob (batafsil)'!$B$5:$B$371,$A11,'Hisob (batafsil)'!$C$5:$C$371,"Bambuk panel") -> 835.45 | H11: =SUMIFS('Hisob (batafsil)'!$G$5:$G$371,'Hisob (batafsil)'!$B$5:$B$371,$A11,'Hisob (batafsil)'!$C$5:$C$371,"Interaktiv doska") -> 1 | I11: =SUMIFS('Hisob (batafsil)'!$J$5:$J$371,'Hisob (batafsil)'!$B$5:$B$371,$A11,'Hisob (batafsil)'!$C$5:$C$371,"Interaktiv doska") -> 1032 | J11: =SUMIFS('Hisob (batafsil)'!$G$5:$G$371,'Hisob (batafsil)'!$B$5:$B$371,$A11,'Hisob (batafsil)'!$C$5:$C$371,"Perila") -> 0 | K11: =SUMIFS('Hisob (batafsil)'!$J$5:$J$371,'Hisob (batafsil)'!$B$5:$B$371,$A11,'Hisob (batafsil)'!$C$5:$C$371,"Perila") -> 0 | L11: =SUMIFS('Hisob (batafsil)'!$J$5:$J$371,'Hisob (batafsil)'!$B$5:$B$371,$A11,'Hisob (batafsil)'!$C$5:$C$371,"Yoritish") -> 168 | M11: =SUMIFS('Hisob (batafsil)'!$J$5:$J$371,'Hisob (batafsil)'!$B$5:$B$371,$A11,'Hisob (batafsil)'!$C$5:$C$371,"Kamera tizimi") -> 0 | N11: =SUMIFS('Hisob (batafsil)'!$J$5:$J$371,'Hisob (batafsil)'!$B$5:$B$371,$A11,'Hisob (batafsil)'!$C$5:$C$371,"Logotip") -> 0 | O11: =SUMIFS('Hisob (batafsil)'!$J$5:$J$371,'Hisob (batafsil)'!$B$5:$B$371,$A11,'Hisob (batafsil)'!$C$5:$C$371,"Matli plyonka") -> 0 | P11: =SUMIFS('Hisob (batafsil)'!$J$5:$J$371,'Hisob (batafsil)'!$B$5:$B$371,$A11,'Hisob (batafsil)'!$C$5:$C$371,"Yong'in xavfsizligi") -> 0 | Q11: =SUMIFS('Hisob (batafsil)'!$J$5:$J$371,'Hisob (batafsil)'!$B$5:$B$371,$A11,'Hisob (batafsil)'!$C$5:$C$371,"Buzish ishlari") -> 0 | R11: =SUMIFS('Hisob (batafsil)'!$J$5:$J$371,'Hisob (batafsil)'!$B$5:$B$371,$A11,'Hisob (batafsil)'!$C$5:$C$371,"Santexnika") -> 0 | S11: =SUMIFS('Hisob (batafsil)'!$J$5:$J$371,'Hisob (batafsil)'!$B$5:$B$371,$A11,'Hisob (batafsil)'!$C$5:$C$371,"Kafel") -> 0 | T11: =SUMIFS('Hisob (batafsil)'!$J$5:$J$371,'Hisob (batafsil)'!$B$5:$B$371,$A11,'Hisob (batafsil)'!$C$5:$C$371,"Konditsioner va ventilyatsiya") -> 0 | U11: =SUMIFS('Hisob (batafsil)'!$J$5:$J$371,'Hisob (batafsil)'!$B$5:$B$371,$A11,'Hisob (batafsil)'!$C$5:$C$371,"Mebel va interyer") -> 0 | V11: =SUMIFS('Hisob (batafsil)'!$J$5:$J$371,'Hisob (batafsil)'!$B$5:$B$371,$A11,'Hisob (batafsil)'!$C$5:$C$371,"E'lon va e'tirof doskalari") -> 0 | W11: =SUMIFS('Hisob (batafsil)'!$J$5:$J$371,'Hisob (batafsil)'!$B$5:$B$371,$A11,'Hisob (batafsil)'!$C$5:$C$371,"Eshiklar") -> 150 | X11: =SUMIFS('Hisob (batafsil)'!$J$5:$J$371,'Hisob (batafsil)'!$B$5:$B$371,$A11,'Hisob (batafsil)'!$C$5:$C$371,"Internet va Wi-Fi") -> 0 | Y11: =SUMIFS('Hisob (batafsil)'!$J$5:$J$371,'Hisob (batafsil)'!$B$5:$B$371,$A11,'Hisob (batafsil)'!$C$5:$C$371,"Elektr") -> 0 | Z11: =C11+E11+G11+I11+K11+L11+M11+N11+O11+P11+Q11+R11+S11+T11+U11+V11+W11+X11+Y11 -> 3031.05
A12: 3-xona | B12: =SUMIFS('Hisob (batafsil)'!$G$5:$G$371,'Hisob (batafsil)'!$B$5:$B$371,$A12,'Hisob (batafsil)'!$C$5:$C$371,"Shisha devor") -> 6.75 | C12: =SUMIFS('Hisob (batafsil)'!$J$5:$J$371,'Hisob (batafsil)'!$B$5:$B$371,$A12,'Hisob (batafsil)'!$C$5:$C$371,"Shisha devor") -> 371.25 | D12: =SUMIFS('Hisob (batafsil)'!$G$5:$G$371,'Hisob (batafsil)'!$B$5:$B$371,$A12,'Hisob (batafsil)'!$C$5:$C$371,"Gips karton (GKL)") -> 22.035 | E12: =SUMIFS('Hisob (batafsil)'!$J$5:$J$371,'Hisob (batafsil)'!$B$5:$B$371,$A12,'Hisob (batafsil)'!$C$5:$C$371,"Gips karton (GKL)") -> 264.42 | F12: =SUMIFS('Hisob (batafsil)'!$G$5:$G$371,'Hisob (batafsil)'!$B$5:$B$371,$A12,'Hisob (batafsil)'!$C$5:$C$371,"Bambuk panel") -> 53.9 | G12: =SUMIFS('Hisob (batafsil)'!$J$5:$J$371,'Hisob (batafsil)'!$B$5:$B$371,$A12,'Hisob (batafsil)'!$C$5:$C$371,"Bambuk panel") -> 835.45 | H12: =SUMIFS('Hisob (batafsil)'!$G$5:$G$371,'Hisob (batafsil)'!$B$5:$B$371,$A12,'Hisob (batafsil)'!$C$5:$C$371,"Interaktiv doska") -> 1 | I12: =SUMIFS('Hisob (batafsil)'!$J$5:$J$371,'Hisob (batafsil)'!$B$5:$B$371,$A12,'Hisob (batafsil)'!$C$5:$C$371,"Interaktiv doska") -> 1032 | J12: =SUMIFS('Hisob (batafsil)'!$G$5:$G$371,'Hisob (batafsil)'!$B$5:$B$371,$A12,'Hisob (batafsil)'!$C$5:$C$371,"Perila") -> 0 | K12: =SUMIFS('Hisob (batafsil)'!$J$5:$J$371,'Hisob (batafsil)'!$B$5:$B$371,$A12,'Hisob (batafsil)'!$C$5:$C$371,"Perila") -> 0 | L12: =SUMIFS('Hisob (batafsil)'!$J$5:$J$371,'Hisob (batafsil)'!$B$5:$B$371,$A12,'Hisob (batafsil)'!$C$5:$C$371,"Yoritish") -> 168 | M12: =SUMIFS('Hisob (batafsil)'!$J$5:$J$371,'Hisob (batafsil)'!$B$5:$B$371,$A12,'Hisob (batafsil)'!$C$5:$C$371,"Kamera tizimi") -> 0 | N12: =SUMIFS('Hisob (batafsil)'!$J$5:$J$371,'Hisob (batafsil)'!$B$5:$B$371,$A12,'Hisob (batafsil)'!$C$5:$C$371,"Logotip") -> 0 | O12: =SUMIFS('Hisob (batafsil)'!$J$5:$J$371,'Hisob (batafsil)'!$B$5:$B$371,$A12,'Hisob (batafsil)'!$C$5:$C$371,"Matli plyonka") -> 0 | P12: =SUMIFS('Hisob (batafsil)'!$J$5:$J$371,'Hisob (batafsil)'!$B$5:$B$371,$A12,'Hisob (batafsil)'!$C$5:$C$371,"Yong'in xavfsizligi") -> 0 | Q12: =SUMIFS('Hisob (batafsil)'!$J$5:$J$371,'Hisob (batafsil)'!$B$5:$B$371,$A12,'Hisob (batafsil)'!$C$5:$C$371,"Buzish ishlari") -> 0 | R12: =SUMIFS('Hisob (batafsil)'!$J$5:$J$371,'Hisob (batafsil)'!$B$5:$B$371,$A12,'Hisob (batafsil)'!$C$5:$C$371,"Santexnika") -> 0 | S12: =SUMIFS('Hisob (batafsil)'!$J$5:$J$371,'Hisob (batafsil)'!$B$5:$B$371,$A12,'Hisob (batafsil)'!$C$5:$C$371,"Kafel") -> 0 | T12: =SUMIFS('Hisob (batafsil)'!$J$5:$J$371,'Hisob (batafsil)'!$B$5:$B$371,$A12,'Hisob (batafsil)'!$C$5:$C$371,"Konditsioner va ventilyatsiya") -> 0 | U12: =SUMIFS('Hisob (batafsil)'!$J$5:$J$371,'Hisob (batafsil)'!$B$5:$B$371,$A12,'Hisob (batafsil)'!$C$5:$C$371,"Mebel va interyer") -> 0 | V12: =SUMIFS('Hisob (batafsil)'!$J$5:$J$371,'Hisob (batafsil)'!$B$5:$B$371,$A12,'Hisob (batafsil)'!$C$5:$C$371,"E'lon va e'tirof doskalari") -> 0 | W12: =SUMIFS('Hisob (batafsil)'!$J$5:$J$371,'Hisob (batafsil)'!$B$5:$B$371,$A12,'Hisob (batafsil)'!$C$5:$C$371,"Eshiklar") -> 150 | X12: =SUMIFS('Hisob (batafsil)'!$J$5:$J$371,'Hisob (batafsil)'!$B$5:$B$371,$A12,'Hisob (batafsil)'!$C$5:$C$371,"Internet va Wi-Fi") -> 0 | Y12: =SUMIFS('Hisob (batafsil)'!$J$5:$J$371,'Hisob (batafsil)'!$B$5:$B$371,$A12,'Hisob (batafsil)'!$C$5:$C$371,"Elektr") -> 0 | Z12: =C12+E12+G12+I12+K12+L12+M12+N12+O12+P12+Q12+R12+S12+T12+U12+V12+W12+X12+Y12 -> 2821.12
A13: 4-xona | B13: =SUMIFS('Hisob (batafsil)'!$G$5:$G$371,'Hisob (batafsil)'!$B$5:$B$371,$A13,'Hisob (batafsil)'!$C$5:$C$371,"Shisha devor") -> 14 | C13: =SUMIFS('Hisob (batafsil)'!$J$5:$J$371,'Hisob (batafsil)'!$B$5:$B$371,$A13,'Hisob (batafsil)'!$C$5:$C$371,"Shisha devor") -> 770 | D13: =SUMIFS('Hisob (batafsil)'!$G$5:$G$371,'Hisob (batafsil)'!$B$5:$B$371,$A13,'Hisob (batafsil)'!$C$5:$C$371,"Gips karton (GKL)") -> 35.77 | E13: =SUMIFS('Hisob (batafsil)'!$J$5:$J$371,'Hisob (batafsil)'!$B$5:$B$371,$A13,'Hisob (batafsil)'!$C$5:$C$371,"Gips karton (GKL)") -> 429.24 | F13: =SUMIFS('Hisob (batafsil)'!$G$5:$G$371,'Hisob (batafsil)'!$B$5:$B$371,$A13,'Hisob (batafsil)'!$C$5:$C$371,"Bambuk panel") -> 39.2 | G13: =SUMIFS('Hisob (batafsil)'!$J$5:$J$371,'Hisob (batafsil)'!$B$5:$B$371,$A13,'Hisob (batafsil)'!$C$5:$C$371,"Bambuk panel") -> 607.6 | H13: =SUMIFS('Hisob (batafsil)'!$G$5:$G$371,'Hisob (batafsil)'!$B$5:$B$371,$A13,'Hisob (batafsil)'!$C$5:$C$371,"Interaktiv doska") -> 1 | I13: =SUMIFS('Hisob (batafsil)'!$J$5:$J$371,'Hisob (batafsil)'!$B$5:$B$371,$A13,'Hisob (batafsil)'!$C$5:$C$371,"Interaktiv doska") -> 1032 | J13: =SUMIFS('Hisob (batafsil)'!$G$5:$G$371,'Hisob (batafsil)'!$B$5:$B$371,$A13,'Hisob (batafsil)'!$C$5:$C$371,"Perila") -> 0 | K13: =SUMIFS('Hisob (batafsil)'!$J$5:$J$371,'Hisob (batafsil)'!$B$5:$B$371,$A13,'Hisob (batafsil)'!$C$5:$C$371,"Perila") -> 0 | L13: =SUMIFS('Hisob (batafsil)'!$J$5:$J$371,'Hisob (batafsil)'!$B$5:$B$371,$A13,'Hisob (batafsil)'!$C$5:$C$371,"Yoritish") -> 168 | M13: =SUMIFS('Hisob (batafsil)'!$J$5:$J$371,'Hisob (batafsil)'!$B$5:$B$371,$A13,'Hisob (batafsil)'!$C$5:$C$371,"Kamera tizimi") -> 0 | N13: =SUMIFS('Hisob (batafsil)'!$J$5:$J$371,'Hisob (batafsil)'!$B$5:$B$371,$A13,'Hisob (batafsil)'!$C$5:$C$371,"Logotip") -> 0 | O13: =SUMIFS('Hisob (batafsil)'!$J$5:$J$371,'Hisob (batafsil)'!$B$5:$B$371,$A13,'Hisob (batafsil)'!$C$5:$C$371,"Matli plyonka") -> 0 | P13: =SUMIFS('Hisob (batafsil)'!$J$5:$J$371,'Hisob (batafsil)'!$B$5:$B$371,$A13,'Hisob (batafsil)'!$C$5:$C$371,"Yong'in xavfsizligi") -> 0 | Q13: =SUMIFS('Hisob (batafsil)'!$J$5:$J$371,'Hisob (batafsil)'!$B$5:$B$371,$A13,'Hisob (batafsil)'!$C$5:$C$371,"Buzish ishlari") -> 0 | R13: =SUMIFS('Hisob (batafsil)'!$J$5:$J$371,'Hisob (batafsil)'!$B$5:$B$371,$A13,'Hisob (batafsil)'!$C$5:$C$371,"Santexnika") -> 0 | S13: =SUMIFS('Hisob (batafsil)'!$J$5:$J$371,'Hisob (batafsil)'!$B$5:$B$371,$A13,'Hisob (batafsil)'!$C$5:$C$371,"Kafel") -> 0 | T13: =SUMIFS('Hisob (batafsil)'!$J$5:$J$371,'Hisob (batafsil)'!$B$5:$B$371,$A13,'Hisob (batafsil)'!$C$5:$C$371,"Konditsioner va ventilyatsiya") -> 0 | U13: =SUMIFS('Hisob (batafsil)'!$J$5:$J$371,'Hisob (batafsil)'!$B$5:$B$371,$A13,'Hisob (batafsil)'!$C$5:$C$371,"Mebel va interyer") -> 0 | V13: =SUMIFS('Hisob (batafsil)'!$J$5:$J$371,'Hisob (batafsil)'!$B$5:$B$371,$A13,'Hisob (batafsil)'!$C$5:$C$371,"E'lon va e'tirof doskalari") -> 0 | W13: =SUMIFS('Hisob (batafsil)'!$J$5:$J$371,'Hisob (batafsil)'!$B$5:$B$371,$A13,'Hisob (batafsil)'!$C$5:$C$371,"Eshiklar") -> 150 | X13: =SUMIFS('Hisob (batafsil)'!$J$5:$J$371,'Hisob (batafsil)'!$B$5:$B$371,$A13,'Hisob (batafsil)'!$C$5:$C$371,"Internet va Wi-Fi") -> 0 | Y13: =SUMIFS('Hisob (batafsil)'!$J$5:$J$371,'Hisob (batafsil)'!$B$5:$B$371,$A13,'Hisob (batafsil)'!$C$5:$C$371,"Elektr") -> 0 | Z13: =C13+E13+G13+I13+K13+L13+M13+N13+O13+P13+Q13+R13+S13+T13+U13+V13+W13+X13+Y13 -> 3156.84
A14: 5-xona | B14: =SUMIFS('Hisob (batafsil)'!$G$5:$G$371,'Hisob (batafsil)'!$B$5:$B$371,$A14,'Hisob (batafsil)'!$C$5:$C$371,"Shisha devor") -> 6.75 | C14: =SUMIFS('Hisob (batafsil)'!$J$5:$J$371,'Hisob (batafsil)'!$B$5:$B$371,$A14,'Hisob (batafsil)'!$C$5:$C$371,"Shisha devor") -> 371.25 | D14: =SUMIFS('Hisob (batafsil)'!$G$5:$G$371,'Hisob (batafsil)'!$B$5:$B$371,$A14,'Hisob (batafsil)'!$C$5:$C$371,"Gips karton (GKL)") -> 23 | E14: =SUMIFS('Hisob (batafsil)'!$J$5:$J$371,'Hisob (batafsil)'!$B$5:$B$371,$A14,'Hisob (batafsil)'!$C$5:$C$371,"Gips karton (GKL)") -> 276 | F14: =SUMIFS('Hisob (batafsil)'!$G$5:$G$371,'Hisob (batafsil)'!$B$5:$B$371,$A14,'Hisob (batafsil)'!$C$5:$C$371,"Bambuk panel") -> 53.9 | G14: =SUMIFS('Hisob (batafsil)'!$J$5:$J$371,'Hisob (batafsil)'!$B$5:$B$371,$A14,'Hisob (batafsil)'!$C$5:$C$371,"Bambuk panel") -> 835.45 | H14: =SUMIFS('Hisob (batafsil)'!$G$5:$G$371,'Hisob (batafsil)'!$B$5:$B$371,$A14,'Hisob (batafsil)'!$C$5:$C$371,"Interaktiv doska") -> 1 | I14: =SUMIFS('Hisob (batafsil)'!$J$5:$J$371,'Hisob (batafsil)'!$B$5:$B$371,$A14,'Hisob (batafsil)'!$C$5:$C$371,"Interaktiv doska") -> 1032 | J14: =SUMIFS('Hisob (batafsil)'!$G$5:$G$371,'Hisob (batafsil)'!$B$5:$B$371,$A14,'Hisob (batafsil)'!$C$5:$C$371,"Perila") -> 0 | K14: =SUMIFS('Hisob (batafsil)'!$J$5:$J$371,'Hisob (batafsil)'!$B$5:$B$371,$A14,'Hisob (batafsil)'!$C$5:$C$371,"Perila") -> 0 | L14: =SUMIFS('Hisob (batafsil)'!$J$5:$J$371,'Hisob (batafsil)'!$B$5:$B$371,$A14,'Hisob (batafsil)'!$C$5:$C$371,"Yoritish") -> 168 | M14: =SUMIFS('Hisob (batafsil)'!$J$5:$J$371,'Hisob (batafsil)'!$B$5:$B$371,$A14,'Hisob (batafsil)'!$C$5:$C$371,"Kamera tizimi") -> 0 | N14: =SUMIFS('Hisob (batafsil)'!$J$5:$J$371,'Hisob (batafsil)'!$B$5:$B$371,$A14,'Hisob (batafsil)'!$C$5:$C$371,"Logotip") -> 0 | O14: =SUMIFS('Hisob (batafsil)'!$J$5:$J$371,'Hisob (batafsil)'!$B$5:$B$371,$A14,'Hisob (batafsil)'!$C$5:$C$371,"Matli plyonka") -> 0 | P14: =SUMIFS('Hisob (batafsil)'!$J$5:$J$371,'Hisob (batafsil)'!$B$5:$B$371,$A14,'Hisob (batafsil)'!$C$5:$C$371,"Yong'in xavfsizligi") -> 0 | Q14: =SUMIFS('Hisob (batafsil)'!$J$5:$J$371,'Hisob (batafsil)'!$B$5:$B$371,$A14,'Hisob (batafsil)'!$C$5:$C$371,"Buzish ishlari") -> 0 | R14: =SUMIFS('Hisob (batafsil)'!$J$5:$J$371,'Hisob (batafsil)'!$B$5:$B$371,$A14,'Hisob (batafsil)'!$C$5:$C$371,"Santexnika") -> 0 | S14: =SUMIFS('Hisob (batafsil)'!$J$5:$J$371,'Hisob (batafsil)'!$B$5:$B$371,$A14,'Hisob (batafsil)'!$C$5:$C$371,"Kafel") -> 0 | T14: =SUMIFS('Hisob (batafsil)'!$J$5:$J$371,'Hisob (batafsil)'!$B$5:$B$371,$A14,'Hisob (batafsil)'!$C$5:$C$371,"Konditsioner va ventilyatsiya") -> 0 | U14: =SUMIFS('Hisob (batafsil)'!$J$5:$J$371,'Hisob (batafsil)'!$B$5:$B$371,$A14,'Hisob (batafsil)'!$C$5:$C$371,"Mebel va interyer") -> 0 | V14: =SUMIFS('Hisob (batafsil)'!$J$5:$J$371,'Hisob (batafsil)'!$B$5:$B$371,$A14,'Hisob (batafsil)'!$C$5:$C$371,"E'lon va e'tirof doskalari") -> 0 | W14: =SUMIFS('Hisob (batafsil)'!$J$5:$J$371,'Hisob (batafsil)'!$B$5:$B$371,$A14,'Hisob (batafsil)'!$C$5:$C$371,"Eshiklar") -> 150 | X14: =SUMIFS('Hisob (batafsil)'!$J$5:$J$371,'Hisob (batafsil)'!$B$5:$B$371,$A14,'Hisob (batafsil)'!$C$5:$C$371,"Internet va Wi-Fi") -> 0 | Y14: =SUMIFS('Hisob (batafsil)'!$J$5:$J$371,'Hisob (batafsil)'!$B$5:$B$371,$A14,'Hisob (batafsil)'!$C$5:$C$371,"Elektr") -> 0 | Z14: =C14+E14+G14+I14+K14+L14+M14+N14+O14+P14+Q14+R14+S14+T14+U14+V14+W14+X14+Y14 -> 2832.7
A15: 6-xona | B15: =SUMIFS('Hisob (batafsil)'!$G$5:$G$371,'Hisob (batafsil)'!$B$5:$B$371,$A15,'Hisob (batafsil)'!$C$5:$C$371,"Shisha devor") -> 14 | C15: =SUMIFS('Hisob (batafsil)'!$J$5:$J$371,'Hisob (batafsil)'!$B$5:$B$371,$A15,'Hisob (batafsil)'!$C$5:$C$371,"Shisha devor") -> 770 | D15: =SUMIFS('Hisob (batafsil)'!$G$5:$G$371,'Hisob (batafsil)'!$B$5:$B$371,$A15,'Hisob (batafsil)'!$C$5:$C$371,"Gips karton (GKL)") -> 25.55 | E15: =SUMIFS('Hisob (batafsil)'!$J$5:$J$371,'Hisob (batafsil)'!$B$5:$B$371,$A15,'Hisob (batafsil)'!$C$5:$C$371,"Gips karton (GKL)") -> 306.6 | F15: =SUMIFS('Hisob (batafsil)'!$G$5:$G$371,'Hisob (batafsil)'!$B$5:$B$371,$A15,'Hisob (batafsil)'!$C$5:$C$371,"Bambuk panel") -> 53.9 | G15: =SUMIFS('Hisob (batafsil)'!$J$5:$J$371,'Hisob (batafsil)'!$B$5:$B$371,$A15,'Hisob (batafsil)'!$C$5:$C$371,"Bambuk panel") -> 835.45 | H15: =SUMIFS('Hisob (batafsil)'!$G$5:$G$371,'Hisob (batafsil)'!$B$5:$B$371,$A15,'Hisob (batafsil)'!$C$5:$C$371,"Interaktiv doska") -> 1 | I15: =SUMIFS('Hisob (batafsil)'!$J$5:$J$371,'Hisob (batafsil)'!$B$5:$B$371,$A15,'Hisob (batafsil)'!$C$5:$C$371,"Interaktiv doska") -> 1032 | J15: =SUMIFS('Hisob (batafsil)'!$G$5:$G$371,'Hisob (batafsil)'!$B$5:$B$371,$A15,'Hisob (batafsil)'!$C$5:$C$371,"Perila") -> 0 | K15: =SUMIFS('Hisob (batafsil)'!$J$5:$J$371,'Hisob (batafsil)'!$B$5:$B$371,$A15,'Hisob (batafsil)'!$C$5:$C$371,"Perila") -> 0 | L15: =SUMIFS('Hisob (batafsil)'!$J$5:$J$371,'Hisob (batafsil)'!$B$5:$B$371,$A15,'Hisob (batafsil)'!$C$5:$C$371,"Yoritish") -> 168 | M15: =SUMIFS('Hisob (batafsil)'!$J$5:$J$371,'Hisob (batafsil)'!$B$5:$B$371,$A15,'Hisob (batafsil)'!$C$5:$C$371,"Kamera tizimi") -> 0 | N15: =SUMIFS('Hisob (batafsil)'!$J$5:$J$371,'Hisob (batafsil)'!$B$5:$B$371,$A15,'Hisob (batafsil)'!$C$5:$C$371,"Logotip") -> 0 | O15: =SUMIFS('Hisob (batafsil)'!$J$5:$J$371,'Hisob (batafsil)'!$B$5:$B$371,$A15,'Hisob (batafsil)'!$C$5:$C$371,"Matli plyonka") -> 0 | P15: =SUMIFS('Hisob (batafsil)'!$J$5:$J$371,'Hisob (batafsil)'!$B$5:$B$371,$A15,'Hisob (batafsil)'!$C$5:$C$371,"Yong'in xavfsizligi") -> 0 | Q15: =SUMIFS('Hisob (batafsil)'!$J$5:$J$371,'Hisob (batafsil)'!$B$5:$B$371,$A15,'Hisob (batafsil)'!$C$5:$C$371,"Buzish ishlari") -> 0 | R15: =SUMIFS('Hisob (batafsil)'!$J$5:$J$371,'Hisob (batafsil)'!$B$5:$B$371,$A15,'Hisob (batafsil)'!$C$5:$C$371,"Santexnika") -> 0 | S15: =SUMIFS('Hisob (batafsil)'!$J$5:$J$371,'Hisob (batafsil)'!$B$5:$B$371,$A15,'Hisob (batafsil)'!$C$5:$C$371,"Kafel") -> 0 | T15: =SUMIFS('Hisob (batafsil)'!$J$5:$J$371,'Hisob (batafsil)'!$B$5:$B$371,$A15,'Hisob (batafsil)'!$C$5:$C$371,"Konditsioner va ventilyatsiya") -> 0 | U15: =SUMIFS('Hisob (batafsil)'!$J$5:$J$371,'Hisob (batafsil)'!$B$5:$B$371,$A15,'Hisob (batafsil)'!$C$5:$C$371,"Mebel va interyer") -> 0 | V15: =SUMIFS('Hisob (batafsil)'!$J$5:$J$371,'Hisob (batafsil)'!$B$5:$B$371,$A15,'Hisob (batafsil)'!$C$5:$C$371,"E'lon va e'tirof doskalari") -> 0 | W15: =SUMIFS('Hisob (batafsil)'!$J$5:$J$371,'Hisob (batafsil)'!$B$5:$B$371,$A15,'Hisob (batafsil)'!$C$5:$C$371,"Eshiklar") -> 150 | X15: =SUMIFS('Hisob (batafsil)'!$J$5:$J$371,'Hisob (batafsil)'!$B$5:$B$371,$A15,'Hisob (batafsil)'!$C$5:$C$371,"Internet va Wi-Fi") -> 0 | Y15: =SUMIFS('Hisob (batafsil)'!$J$5:$J$371,'Hisob (batafsil)'!$B$5:$B$371,$A15,'Hisob (batafsil)'!$C$5:$C$371,"Elektr") -> 0 | Z15: =C15+E15+G15+I15+K15+L15+M15+N15+O15+P15+Q15+R15+S15+T15+U15+V15+W15+X15+Y15 -> 3262.05
A16: 7-xona | B16: =SUMIFS('Hisob (batafsil)'!$G$5:$G$371,'Hisob (batafsil)'!$B$5:$B$371,$A16,'Hisob (batafsil)'!$C$5:$C$371,"Shisha devor") -> 14 | C16: =SUMIFS('Hisob (batafsil)'!$J$5:$J$371,'Hisob (batafsil)'!$B$5:$B$371,$A16,'Hisob (batafsil)'!$C$5:$C$371,"Shisha devor") -> 770 | D16: =SUMIFS('Hisob (batafsil)'!$G$5:$G$371,'Hisob (batafsil)'!$B$5:$B$371,$A16,'Hisob (batafsil)'!$C$5:$C$371,"Gips karton (GKL)") -> 30.45 | E16: =SUMIFS('Hisob (batafsil)'!$J$5:$J$371,'Hisob (batafsil)'!$B$5:$B$371,$A16,'Hisob (batafsil)'!$C$5:$C$371,"Gips karton (GKL)") -> 365.4 | F16: =SUMIFS('Hisob (batafsil)'!$G$5:$G$371,'Hisob (batafsil)'!$B$5:$B$371,$A16,'Hisob (batafsil)'!$C$5:$C$371,"Bambuk panel") -> 53.9 | G16: =SUMIFS('Hisob (batafsil)'!$J$5:$J$371,'Hisob (batafsil)'!$B$5:$B$371,$A16,'Hisob (batafsil)'!$C$5:$C$371,"Bambuk panel") -> 835.45 | H16: =SUMIFS('Hisob (batafsil)'!$G$5:$G$371,'Hisob (batafsil)'!$B$5:$B$371,$A16,'Hisob (batafsil)'!$C$5:$C$371,"Interaktiv doska") -> 1 | I16: =SUMIFS('Hisob (batafsil)'!$J$5:$J$371,'Hisob (batafsil)'!$B$5:$B$371,$A16,'Hisob (batafsil)'!$C$5:$C$371,"Interaktiv doska") -> 1032 | J16: =SUMIFS('Hisob (batafsil)'!$G$5:$G$371,'Hisob (batafsil)'!$B$5:$B$371,$A16,'Hisob (batafsil)'!$C$5:$C$371,"Perila") -> 0 | K16: =SUMIFS('Hisob (batafsil)'!$J$5:$J$371,'Hisob (batafsil)'!$B$5:$B$371,$A16,'Hisob (batafsil)'!$C$5:$C$371,"Perila") -> 0 | L16: =SUMIFS('Hisob (batafsil)'!$J$5:$J$371,'Hisob (batafsil)'!$B$5:$B$371,$A16,'Hisob (batafsil)'!$C$5:$C$371,"Yoritish") -> 168 | M16: =SUMIFS('Hisob (batafsil)'!$J$5:$J$371,'Hisob (batafsil)'!$B$5:$B$371,$A16,'Hisob (batafsil)'!$C$5:$C$371,"Kamera tizimi") -> 0 | N16: =SUMIFS('Hisob (batafsil)'!$J$5:$J$371,'Hisob (batafsil)'!$B$5:$B$371,$A16,'Hisob (batafsil)'!$C$5:$C$371,"Logotip") -> 0 | O16: =SUMIFS('Hisob (batafsil)'!$J$5:$J$371,'Hisob (batafsil)'!$B$5:$B$371,$A16,'Hisob (batafsil)'!$C$5:$C$371,"Matli plyonka") -> 0 | P16: =SUMIFS('Hisob (batafsil)'!$J$5:$J$371,'Hisob (batafsil)'!$B$5:$B$371,$A16,'Hisob (batafsil)'!$C$5:$C$371,"Yong'in xavfsizligi") -> 0 | Q16: =SUMIFS('Hisob (batafsil)'!$J$5:$J$371,'Hisob (batafsil)'!$B$5:$B$371,$A16,'Hisob (batafsil)'!$C$5:$C$371,"Buzish ishlari") -> 0 | R16: =SUMIFS('Hisob (batafsil)'!$J$5:$J$371,'Hisob (batafsil)'!$B$5:$B$371,$A16,'Hisob (batafsil)'!$C$5:$C$371,"Santexnika") -> 0 | S16: =SUMIFS('Hisob (batafsil)'!$J$5:$J$371,'Hisob (batafsil)'!$B$5:$B$371,$A16,'Hisob (batafsil)'!$C$5:$C$371,"Kafel") -> 0 | T16: =SUMIFS('Hisob (batafsil)'!$J$5:$J$371,'Hisob (batafsil)'!$B$5:$B$371,$A16,'Hisob (batafsil)'!$C$5:$C$371,"Konditsioner va ventilyatsiya") -> 0 | U16: =SUMIFS('Hisob (batafsil)'!$J$5:$J$371,'Hisob (batafsil)'!$B$5:$B$371,$A16,'Hisob (batafsil)'!$C$5:$C$371,"Mebel va interyer") -> 0 | V16: =SUMIFS('Hisob (batafsil)'!$J$5:$J$371,'Hisob (batafsil)'!$B$5:$B$371,$A16,'Hisob (batafsil)'!$C$5:$C$371,"E'lon va e'tirof doskalari") -> 0 | W16: =SUMIFS('Hisob (batafsil)'!$J$5:$J$371,'Hisob (batafsil)'!$B$5:$B$371,$A16,'Hisob (batafsil)'!$C$5:$C$371,"Eshiklar") -> 150 | X16: =SUMIFS('Hisob (batafsil)'!$J$5:$J$371,'Hisob (batafsil)'!$B$5:$B$371,$A16,'Hisob (batafsil)'!$C$5:$C$371,"Internet va Wi-Fi") -> 0 | Y16: =SUMIFS('Hisob (batafsil)'!$J$5:$J$371,'Hisob (batafsil)'!$B$5:$B$371,$A16,'Hisob (batafsil)'!$C$5:$C$371,"Elektr") -> 0 | Z16: =C16+E16+G16+I16+K16+L16+M16+N16+O16+P16+Q16+R16+S16+T16+U16+V16+W16+X16+Y16 -> 3320.85
A17: 2-qavat: o'quv xonalari — jami | B17: =SUM(B10:B16) -> 83.25 | C17: =SUM(C10:C16) -> 4578.75 | D17: =SUM(D10:D16) -> 150.355 | E17: =SUM(E10:E16) -> 1804.26 | F17: =SUM(F10:F16) -> 362.6 | G17: =SUM(G10:G16) -> 5620.3 | H17: =SUM(H10:H16) -> 7 | I17: =SUM(I10:I16) -> 7224 | ... Z17: =SUM(Z10:Z16) -> 21453.31
A19: 2-qavat: ofis xonalari
A20: Offline sotuv (XZ1) | B20: =SUMIFS('Hisob (batafsil)'!$G$5:$G$371,'Hisob (batafsil)'!$B$5:$B$371,$A20,'Hisob (batafsil)'!$C$5:$C$371,"Shisha devor") -> 13.875 | C20: =SUMIFS('Hisob (batafsil)'!$J$5:$J$371,'Hisob (batafsil)'!$B$5:$B$371,$A20,'Hisob (batafsil)'!$C$5:$C$371,"Shisha devor") -> 763.125 | D20: =SUMIFS('Hisob (batafsil)'!$G$5:$G$371,'Hisob (batafsil)'!$B$5:$B$371,$A20,'Hisob (batafsil)'!$C$5:$C$371,"Gips karton (GKL)") -> 6.075 | E20: =SUMIFS('Hisob (batafsil)'!$J$5:$J$371,'Hisob (batafsil)'!$B$5:$B$371,$A20,'Hisob (batafsil)'!$C$5:$C$371,"Gips karton (GKL)") -> 72.9 | F20: =SUMIFS('Hisob (batafsil)'!$G$5:$G$371,'Hisob (batafsil)'!$B$5:$B$371,$A20,'Hisob (batafsil)'!$C$5:$C$371,"Bambuk panel") -> 18.2 | G20: =SUMIFS('Hisob (batafsil)'!$J$5:$J$371,'Hisob (batafsil)'!$B$5:$B$371,$A20,'Hisob (batafsil)'!$C$5:$C$371,"Bambuk panel") -> 282.1 | H20: =SUMIFS('Hisob (batafsil)'!$G$5:$G$371,'Hisob (batafsil)'!$B$5:$B$371,$A20,'Hisob (batafsil)'!$C$5:$C$371,"Interaktiv doska") -> 0 | I20: =SUMIFS('Hisob (batafsil)'!$J$5:$J$371,'Hisob (batafsil)'!$B$5:$B$371,$A20,'Hisob (batafsil)'!$C$5:$C$371,"Interaktiv doska") -> 0 | J20: =SUMIFS('Hisob (batafsil)'!$G$5:$G$371,'Hisob (batafsil)'!$B$5:$B$371,$A20,'Hisob (batafsil)'!$C$5:$C$371,"Perila") -> 0 | K20: =SUMIFS('Hisob (batafsil)'!$J$5:$J$371,'Hisob (batafsil)'!$B$5:$B$371,$A20,'Hisob (batafsil)'!$C$5:$C$371,"Perila") -> 0 | L20: =SUMIFS('Hisob (batafsil)'!$J$5:$J$371,'Hisob (batafsil)'!$B$5:$B$371,$A20,'Hisob (batafsil)'!$C$5:$C$371,"Yoritish") -> 168 | M20: =SUMIFS('Hisob (batafsil)'!$J$5:$J$371,'Hisob (batafsil)'!$B$5:$B$371,$A20,'Hisob (batafsil)'!$C$5:$C$371,"Kamera tizimi") -> 0 | N20: =SUMIFS('Hisob (batafsil)'!$J$5:$J$371,'Hisob (batafsil)'!$B$5:$B$371,$A20,'Hisob (batafsil)'!$C$5:$C$371,"Logotip") -> 0 | O20: =SUMIFS('Hisob (batafsil)'!$J$5:$J$371,'Hisob (batafsil)'!$B$5:$B$371,$A20,'Hisob (batafsil)'!$C$5:$C$371,"Matli plyonka") -> 0 | P20: =SUMIFS('Hisob (batafsil)'!$J$5:$J$371,'Hisob (batafsil)'!$B$5:$B$371,$A20,'Hisob (batafsil)'!$C$5:$C$371,"Yong'in xavfsizligi") -> 0 | Q20: =SUMIFS('Hisob (batafsil)'!$J$5:$J$371,'Hisob (batafsil)'!$B$5:$B$371,$A20,'Hisob (batafsil)'!$C$5:$C$371,"Buzish ishlari") -> 0 | R20: =SUMIFS('Hisob (batafsil)'!$J$5:$J$371,'Hisob (batafsil)'!$B$5:$B$371,$A20,'Hisob (batafsil)'!$C$5:$C$371,"Santexnika") -> 0 | S20: =SUMIFS('Hisob (batafsil)'!$J$5:$J$371,'Hisob (batafsil)'!$B$5:$B$371,$A20,'Hisob (batafsil)'!$C$5:$C$371,"Kafel") -> 0 | T20: =SUMIFS('Hisob (batafsil)'!$J$5:$J$371,'Hisob (batafsil)'!$B$5:$B$371,$A20,'Hisob (batafsil)'!$C$5:$C$371,"Konditsioner va ventilyatsiya") -> 0 | U20: =SUMIFS('Hisob (batafsil)'!$J$5:$J$371,'Hisob (batafsil)'!$B$5:$B$371,$A20,'Hisob (batafsil)'!$C$5:$C$371,"Mebel va interyer") -> 2340 | V20: =SUMIFS('Hisob (batafsil)'!$J$5:$J$371,'Hisob (batafsil)'!$B$5:$B$371,$A20,'Hisob (batafsil)'!$C$5:$C$371,"E'lon va e'tirof doskalari") -> 0 | W20: =SUMIFS('Hisob (batafsil)'!$J$5:$J$371,'Hisob (batafsil)'!$B$5:$B$371,$A20,'Hisob (batafsil)'!$C$5:$C$371,"Eshiklar") -> 150 | X20: =SUMIFS('Hisob (batafsil)'!$J$5:$J$371,'Hisob (batafsil)'!$B$5:$B$371,$A20,'Hisob (batafsil)'!$C$5:$C$371,"Internet va Wi-Fi") -> 0 | Y20: =SUMIFS('Hisob (batafsil)'!$J$5:$J$371,'Hisob (batafsil)'!$B$5:$B$371,$A20,'Hisob (batafsil)'!$C$5:$C$371,"Elektr") -> 0 | Z20: =C20+E20+G20+I20+K20+L20+M20+N20+O20+P20+Q20+R20+S20+T20+U20+V20+W20+X20+Y20 -> 3776.125
A21: Admin (XZ2) | B21: =SUMIFS('Hisob (batafsil)'!$G$5:$G$371,'Hisob (batafsil)'!$B$5:$B$371,$A21,'Hisob (batafsil)'!$C$5:$C$371,"Shisha devor") -> 14.5 | C21: =SUMIFS('Hisob (batafsil)'!$J$5:$J$371,'Hisob (batafsil)'!$B$5:$B$371,$A21,'Hisob (batafsil)'!$C$5:$C$371,"Shisha devor") -> 797.5 | D21: =SUMIFS('Hisob (batafsil)'!$G$5:$G$371,'Hisob (batafsil)'!$B$5:$B$371,$A21,'Hisob (batafsil)'!$C$5:$C$371,"Gips karton (GKL)") -> 5.8 | E21: =SUMIFS('Hisob (batafsil)'!$J$5:$J$371,'Hisob (batafsil)'!$B$5:$B$371,$A21,'Hisob (batafsil)'!$C$5:$C$371,"Gips karton (GKL)") -> 69.6 | F21: =SUMIFS('Hisob (batafsil)'!$G$5:$G$371,'Hisob (batafsil)'!$B$5:$B$371,$A21,'Hisob (batafsil)'!$C$5:$C$371,"Bambuk panel") -> 18.2 | G21: =SUMIFS('Hisob (batafsil)'!$J$5:$J$371,'Hisob (batafsil)'!$B$5:$B$371,$A21,'Hisob (batafsil)'!$C$5:$C$371,"Bambuk panel") -> 282.1 | H21: =SUMIFS('Hisob (batafsil)'!$G$5:$G$371,'Hisob (batafsil)'!$B$5:$B$371,$A21,'Hisob (batafsil)'!$C$5:$C$371,"Interaktiv doska") -> 0 | I21: =SUMIFS('Hisob (batafsil)'!$J$5:$J$371,'Hisob (batafsil)'!$B$5:$B$371,$A21,'Hisob (batafsil)'!$C$5:$C$371,"Interaktiv doska") -> 0 | J21: =SUMIFS('Hisob (batafsil)'!$G$5:$G$371,'Hisob (batafsil)'!$B$5:$B$371,$A21,'Hisob (batafsil)'!$C$5:$C$371,"Perila") -> 0 | K21: =SUMIFS('Hisob (batafsil)'!$J$5:$J$371,'Hisob (batafsil)'!$B$5:$B$371,$A21,'Hisob (batafsil)'!$C$5:$C$371,"Perila") -> 0 | L21: =SUMIFS('Hisob (batafsil)'!$J$5:$J$371,'Hisob (batafsil)'!$B$5:$B$371,$A21,'Hisob (batafsil)'!$C$5:$C$371,"Yoritish") -> 168 | M21: =SUMIFS('Hisob (batafsil)'!$J$5:$J$371,'Hisob (batafsil)'!$B$5:$B$371,$A21,'Hisob (batafsil)'!$C$5:$C$371,"Kamera tizimi") -> 0 | N21: =SUMIFS('Hisob (batafsil)'!$J$5:$J$371,'Hisob (batafsil)'!$B$5:$B$371,$A21,'Hisob (batafsil)'!$C$5:$C$371,"Logotip") -> 0 | O21: =SUMIFS('Hisob (batafsil)'!$J$5:$J$371,'Hisob (batafsil)'!$B$5:$B$371,$A21,'Hisob (batafsil)'!$C$5:$C$371,"Matli plyonka") -> 0 | P21: =SUMIFS('Hisob (batafsil)'!$J$5:$J$371,'Hisob (batafsil)'!$B$5:$B$371,$A21,'Hisob (batafsil)'!$C$5:$C$371,"Yong'in xavfsizligi") -> 0 | Q21: =SUMIFS('Hisob (batafsil)'!$J$5:$J$371,'Hisob (batafsil)'!$B$5:$B$371,$A21,'Hisob (batafsil)'!$C$5:$C$371,"Buzish ishlari") -> 0 | R21: =SUMIFS('Hisob (batafsil)'!$J$5:$J$371,'Hisob (batafsil)'!$B$5:$B$371,$A21,'Hisob (batafsil)'!$C$5:$C$371,"Santexnika") -> 0 | S21: =SUMIFS('Hisob (batafsil)'!$J$5:$J$371,'Hisob (batafsil)'!$B$5:$B$371,$A21,'Hisob (batafsil)'!$C$5:$C$371,"Kafel") -> 0 | T21: =SUMIFS('Hisob (batafsil)'!$J$5:$J$371,'Hisob (batafsil)'!$B$5:$B$371,$A21,'Hisob (batafsil)'!$C$5:$C$371,"Konditsioner va ventilyatsiya") -> 0 | U21: =SUMIFS('Hisob (batafsil)'!$J$5:$J$371,'Hisob (batafsil)'!$B$5:$B$371,$A21,'Hisob (batafsil)'!$C$5:$C$371,"Mebel va interyer") -> 1470 | V21: =SUMIFS('Hisob (batafsil)'!$J$5:$J$371,'Hisob (batafsil)'!$B$5:$B$371,$A21,'Hisob (batafsil)'!$C$5:$C$371,"E'lon va e'tirof doskalari") -> 0 | W21: =SUMIFS('Hisob (batafsil)'!$J$5:$J$371,'Hisob (batafsil)'!$B$5:$B$371,$A21,'Hisob (batafsil)'!$C$5:$C$371,"Eshiklar") -> 150 | X21: =SUMIFS('Hisob (batafsil)'!$J$5:$J$371,'Hisob (batafsil)'!$B$5:$B$371,$A21,'Hisob (batafsil)'!$C$5:$C$371,"Internet va Wi-Fi") -> 0 | Y21: =SUMIFS('Hisob (batafsil)'!$J$5:$J$371,'Hisob (batafsil)'!$B$5:$B$371,$A21,'Hisob (batafsil)'!$C$5:$C$371,"Elektr") -> 0 | Z21: =C21+E21+G21+I21+K21+L21+M21+N21+O21+P21+Q21+R21+S21+T21+U21+V21+W21+X21+Y21 -> 2937.2
A22: Ustozlar xonasi (XZ3) | B22: =SUMIFS('Hisob (batafsil)'!$G$5:$G$371,'Hisob (batafsil)'!$B$5:$B$371,$A22,'Hisob (batafsil)'!$C$5:$C$371,"Shisha devor") -> 14.5 | C22: =SUMIFS('Hisob (batafsil)'!$J$5:$J$371,'Hisob (batafsil)'!$B$5:$B$371,$A22,'Hisob (batafsil)'!$C$5:$C$371,"Shisha devor") -> 797.5 | D22: =SUMIFS('Hisob (batafsil)'!$G$5:$G$371,'Hisob (batafsil)'!$B$5:$B$371,$A22,'Hisob (batafsil)'!$C$5:$C$371,"Gips karton (GKL)") -> 12.45 | E22: =SUMIFS('Hisob (batafsil)'!$J$5:$J$371,'Hisob (batafsil)'!$B$5:$B$371,$A22,'Hisob (batafsil)'!$C$5:$C$371,"Gips karton (GKL)") -> 149.4 | F22: =SUMIFS('Hisob (batafsil)'!$G$5:$G$371,'Hisob (batafsil)'!$B$5:$B$371,$A22,'Hisob (batafsil)'!$C$5:$C$371,"Bambuk panel") -> 30.1 | G22: =SUMIFS('Hisob (batafsil)'!$J$5:$J$371,'Hisob (batafsil)'!$B$5:$B$371,$A22,'Hisob (batafsil)'!$C$5:$C$371,"Bambuk panel") -> 466.55 | H22: =SUMIFS('Hisob (batafsil)'!$G$5:$G$371,'Hisob (batafsil)'!$B$5:$B$371,$A22,'Hisob (batafsil)'!$C$5:$C$371,"Interaktiv doska") -> 0 | I22: =SUMIFS('Hisob (batafsil)'!$J$5:$J$371,'Hisob (batafsil)'!$B$5:$B$371,$A22,'Hisob (batafsil)'!$C$5:$C$371,"Interaktiv doska") -> 0 | J22: =SUMIFS('Hisob (batafsil)'!$G$5:$G$371,'Hisob (batafsil)'!$B$5:$B$371,$A22,'Hisob (batafsil)'!$C$5:$C$371,"Perila") -> 0 | K22: =SUMIFS('Hisob (batafsil)'!$J$5:$J$371,'Hisob (batafsil)'!$B$5:$B$371,$A22,'Hisob (batafsil)'!$C$5:$C$371,"Perila") -> 0 | L22: =SUMIFS('Hisob (batafsil)'!$J$5:$J$371,'Hisob (batafsil)'!$B$5:$B$371,$A22,'Hisob (batafsil)'!$C$5:$C$371,"Yoritish") -> 168 | M22: =SUMIFS('Hisob (batafsil)'!$J$5:$J$371,'Hisob (batafsil)'!$B$5:$B$371,$A22,'Hisob (batafsil)'!$C$5:$C$371,"Kamera tizimi") -> 0 | N22: =SUMIFS('Hisob (batafsil)'!$J$5:$J$371,'Hisob (batafsil)'!$B$5:$B$371,$A22,'Hisob (batafsil)'!$C$5:$C$371,"Logotip") -> 0 | O22: =SUMIFS('Hisob (batafsil)'!$J$5:$J$371,'Hisob (batafsil)'!$B$5:$B$371,$A22,'Hisob (batafsil)'!$C$5:$C$371,"Matli plyonka") -> 0 | P22: =SUMIFS('Hisob (batafsil)'!$J$5:$J$371,'Hisob (batafsil)'!$B$5:$B$371,$A22,'Hisob (batafsil)'!$C$5:$C$371,"Yong'in xavfsizligi") -> 0 | Q22: =SUMIFS('Hisob (batafsil)'!$J$5:$J$371,'Hisob (batafsil)'!$B$5:$B$371,$A22,'Hisob (batafsil)'!$C$5:$C$371,"Buzish ishlari") -> 0 | R22: =SUMIFS('Hisob (batafsil)'!$J$5:$J$371,'Hisob (batafsil)'!$B$5:$B$371,$A22,'Hisob (batafsil)'!$C$5:$C$371,"Santexnika") -> 0 | S22: =SUMIFS('Hisob (batafsil)'!$J$5:$J$371,'Hisob (batafsil)'!$B$5:$B$371,$A22,'Hisob (batafsil)'!$C$5:$C$371,"Kafel") -> 0 | T22: =SUMIFS('Hisob (batafsil)'!$J$5:$J$371,'Hisob (batafsil)'!$B$5:$B$371,$A22,'Hisob (batafsil)'!$C$5:$C$371,"Konditsioner va ventilyatsiya") -> 0 | U22: =SUMIFS('Hisob (batafsil)'!$J$5:$J$371,'Hisob (batafsil)'!$B$5:$B$371,$A22,'Hisob (batafsil)'!$C$5:$C$371,"Mebel va interyer") -> 0 | V22: =SUMIFS('Hisob (batafsil)'!$J$5:$J$371,'Hisob (batafsil)'!$B$5:$B$371,$A22,'Hisob (batafsil)'!$C$5:$C$371,"E'lon va e'tirof doskalari") -> 0 | W22: =SUMIFS('Hisob (batafsil)'!$J$5:$J$371,'Hisob (batafsil)'!$B$5:$B$371,$A22,'Hisob (batafsil)'!$C$5:$C$371,"Eshiklar") -> 150 | X22: =SUMIFS('Hisob (batafsil)'!$J$5:$J$371,'Hisob (batafsil)'!$B$5:$B$371,$A22,'Hisob (batafsil)'!$C$5:$C$371,"Internet va Wi-Fi") -> 0 | Y22: =SUMIFS('Hisob (batafsil)'!$J$5:$J$371,'Hisob (batafsil)'!$B$5:$B$371,$A22,'Hisob (batafsil)'!$C$5:$C$371,"Elektr") -> 0 | Z22: =C22+E22+G22+I22+K22+L22+M22+N22+O22+P22+Q22+R22+S22+T22+U22+V22+W22+X22+Y22 -> 1731.45
A23: Call-markaz (XZ4) | B23: =SUMIFS('Hisob (batafsil)'!$G$5:$G$371,'Hisob (batafsil)'!$B$5:$B$371,$A23,'Hisob (batafsil)'!$C$5:$C$371,"Shisha devor") -> 14.25 | C23: =SUMIFS('Hisob (batafsil)'!$J$5:$J$371,'Hisob (batafsil)'!$B$5:$B$371,$A23,'Hisob (batafsil)'!$C$5:$C$371,"Shisha devor") -> 783.75 | D23: =SUMIFS('Hisob (batafsil)'!$G$5:$G$371,'Hisob (batafsil)'!$B$5:$B$371,$A23,'Hisob (batafsil)'!$C$5:$C$371,"Gips karton (GKL)") -> 10.95 | E23: =SUMIFS('Hisob (batafsil)'!$J$5:$J$371,'Hisob (batafsil)'!$B$5:$B$371,$A23,'Hisob (batafsil)'!$C$5:$C$371,"Gips karton (GKL)") -> 131.4 | F23: =SUMIFS('Hisob (batafsil)'!$G$5:$G$371,'Hisob (batafsil)'!$B$5:$B$371,$A23,'Hisob (batafsil)'!$C$5:$C$371,"Bambuk panel") -> 29.75 | G23: =SUMIFS('Hisob (batafsil)'!$J$5:$J$371,'Hisob (batafsil)'!$B$5:$B$371,$A23,'Hisob (batafsil)'!$C$5:$C$371,"Bambuk panel") -> 461.125 | H23: =SUMIFS('Hisob (batafsil)'!$G$5:$G$371,'Hisob (batafsil)'!$B$5:$B$371,$A23,'Hisob (batafsil)'!$C$5:$C$371,"Interaktiv doska") -> 0 | I23: =SUMIFS('Hisob (batafsil)'!$J$5:$J$371,'Hisob (batafsil)'!$B$5:$B$371,$A23,'Hisob (batafsil)'!$C$5:$C$371,"Interaktiv doska") -> 0 | J23: =SUMIFS('Hisob (batafsil)'!$G$5:$G$371,'Hisob (batafsil)'!$B$5:$B$371,$A23,'Hisob (batafsil)'!$C$5:$C$371,"Perila") -> 0 | K23: =SUMIFS('Hisob (batafsil)'!$J$5:$J$371,'Hisob (batafsil)'!$B$5:$B$371,$A23,'Hisob (batafsil)'!$C$5:$C$371,"Perila") -> 0 | L23: =SUMIFS('Hisob (batafsil)'!$J$5:$J$371,'Hisob (batafsil)'!$B$5:$B$371,$A23,'Hisob (batafsil)'!$C$5:$C$371,"Yoritish") -> 168 | M23: =SUMIFS('Hisob (batafsil)'!$J$5:$J$371,'Hisob (batafsil)'!$B$5:$B$371,$A23,'Hisob (batafsil)'!$C$5:$C$371,"Kamera tizimi") -> 0 | N23: =SUMIFS('Hisob (batafsil)'!$J$5:$J$371,'Hisob (batafsil)'!$B$5:$B$371,$A23,'Hisob (batafsil)'!$C$5:$C$371,"Logotip") -> 0 | O23: =SUMIFS('Hisob (batafsil)'!$J$5:$J$371,'Hisob (batafsil)'!$B$5:$B$371,$A23,'Hisob (batafsil)'!$C$5:$C$371,"Matli plyonka") -> 0 | P23: =SUMIFS('Hisob (batafsil)'!$J$5:$J$371,'Hisob (batafsil)'!$B$5:$B$371,$A23,'Hisob (batafsil)'!$C$5:$C$371,"Yong'in xavfsizligi") -> 0 | Q23: =SUMIFS('Hisob (batafsil)'!$J$5:$J$371,'Hisob (batafsil)'!$B$5:$B$371,$A23,'Hisob (batafsil)'!$C$5:$C$371,"Buzish ishlari") -> 0 | R23: =SUMIFS('Hisob (batafsil)'!$J$5:$J$371,'Hisob (batafsil)'!$B$5:$B$371,$A23,'Hisob (batafsil)'!$C$5:$C$371,"Santexnika") -> 0 | S23: =SUMIFS('Hisob (batafsil)'!$J$5:$J$371,'Hisob (batafsil)'!$B$5:$B$371,$A23,'Hisob (batafsil)'!$C$5:$C$371,"Kafel") -> 0 | T23: =SUMIFS('Hisob (batafsil)'!$J$5:$J$371,'Hisob (batafsil)'!$B$5:$B$371,$A23,'Hisob (batafsil)'!$C$5:$C$371,"Konditsioner va ventilyatsiya") -> 0 | U23: =SUMIFS('Hisob (batafsil)'!$J$5:$J$371,'Hisob (batafsil)'!$B$5:$B$371,$A23,'Hisob (batafsil)'!$C$5:$C$371,"Mebel va interyer") -> 0 | V23: =SUMIFS('Hisob (batafsil)'!$J$5:$J$371,'Hisob (batafsil)'!$B$5:$B$371,$A23,'Hisob (batafsil)'!$C$5:$C$371,"E'lon va e'tirof doskalari") -> 0 | W23: =SUMIFS('Hisob (batafsil)'!$J$5:$J$371,'Hisob (batafsil)'!$B$5:$B$371,$A23,'Hisob (batafsil)'!$C$5:$C$371,"Eshiklar") -> 150 | X23: =SUMIFS('Hisob (batafsil)'!$J$5:$J$371,'Hisob (batafsil)'!$B$5:$B$371,$A23,'Hisob (batafsil)'!$C$5:$C$371,"Internet va Wi-Fi") -> 0 | Y23: =SUMIFS('Hisob (batafsil)'!$J$5:$J$371,'Hisob (batafsil)'!$B$5:$B$371,$A23,'Hisob (batafsil)'!$C$5:$C$371,"Elektr") -> 0 | Z23: =C23+E23+G23+I23+K23+L23+M23+N23+O23+P23+Q23+R23+S23+T23+U23+V23+W23+X23+Y23 -> 1694.275
A24: CEO xonasi (12-xona) | B24: =SUMIFS('Hisob (batafsil)'!$G$5:$G$371,'Hisob (batafsil)'!$B$5:$B$371,$A24,'Hisob (batafsil)'!$C$5:$C$371,"Shisha devor") -> 0 | C24: =SUMIFS('Hisob (batafsil)'!$J$5:$J$371,'Hisob (batafsil)'!$B$5:$B$371,$A24,'Hisob (batafsil)'!$C$5:$C$371,"Shisha devor") -> 0 | D24: =SUMIFS('Hisob (batafsil)'!$G$5:$G$371,'Hisob (batafsil)'!$B$5:$B$371,$A24,'Hisob (batafsil)'!$C$5:$C$371,"Gips karton (GKL)") -> 0 | E24: =SUMIFS('Hisob (batafsil)'!$J$5:$J$371,'Hisob (batafsil)'!$B$5:$B$371,$A24,'Hisob (batafsil)'!$C$5:$C$371,"Gips karton (GKL)") -> 0 | F24: =SUMIFS('Hisob (batafsil)'!$G$5:$G$371,'Hisob (batafsil)'!$B$5:$B$371,$A24,'Hisob (batafsil)'!$C$5:$C$371,"Bambuk panel") -> 29.26 | G24: =SUMIFS('Hisob (batafsil)'!$J$5:$J$371,'Hisob (batafsil)'!$B$5:$B$371,$A24,'Hisob (batafsil)'!$C$5:$C$371,"Bambuk panel") -> 453.53 | H24: =SUMIFS('Hisob (batafsil)'!$G$5:$G$371,'Hisob (batafsil)'!$B$5:$B$371,$A24,'Hisob (batafsil)'!$C$5:$C$371,"Interaktiv doska") -> 0 | I24: =SUMIFS('Hisob (batafsil)'!$J$5:$J$371,'Hisob (batafsil)'!$B$5:$B$371,$A24,'Hisob (batafsil)'!$C$5:$C$371,"Interaktiv doska") -> 0 | J24: =SUMIFS('Hisob (batafsil)'!$G$5:$G$371,'Hisob (batafsil)'!$B$5:$B$371,$A24,'Hisob (batafsil)'!$C$5:$C$371,"Perila") -> 0 | K24: =SUMIFS('Hisob (batafsil)'!$J$5:$J$371,'Hisob (batafsil)'!$B$5:$B$371,$A24,'Hisob (batafsil)'!$C$5:$C$371,"Perila") -> 0 | L24: =SUMIFS('Hisob (batafsil)'!$J$5:$J$371,'Hisob (batafsil)'!$B$5:$B$371,$A24,'Hisob (batafsil)'!$C$5:$C$371,"Yoritish") -> 168 | M24: =SUMIFS('Hisob (batafsil)'!$J$5:$J$371,'Hisob (batafsil)'!$B$5:$B$371,$A24,'Hisob (batafsil)'!$C$5:$C$371,"Kamera tizimi") -> 0 | N24: =SUMIFS('Hisob (batafsil)'!$J$5:$J$371,'Hisob (batafsil)'!$B$5:$B$371,$A24,'Hisob (batafsil)'!$C$5:$C$371,"Logotip") -> 0 | O24: =SUMIFS('Hisob (batafsil)'!$J$5:$J$371,'Hisob (batafsil)'!$B$5:$B$371,$A24,'Hisob (batafsil)'!$C$5:$C$371,"Matli plyonka") -> 0 | P24: =SUMIFS('Hisob (batafsil)'!$J$5:$J$371,'Hisob (batafsil)'!$B$5:$B$371,$A24,'Hisob (batafsil)'!$C$5:$C$371,"Yong'in xavfsizligi") -> 0 | Q24: =SUMIFS('Hisob (batafsil)'!$J$5:$J$371,'Hisob (batafsil)'!$B$5:$B$371,$A24,'Hisob (batafsil)'!$C$5:$C$371,"Buzish ishlari") -> 0 | R24: =SUMIFS('Hisob (batafsil)'!$J$5:$J$371,'Hisob (batafsil)'!$B$5:$B$371,$A24,'Hisob (batafsil)'!$C$5:$C$371,"Santexnika") -> 0 | S24: =SUMIFS('Hisob (batafsil)'!$J$5:$J$371,'Hisob (batafsil)'!$B$5:$B$371,$A24,'Hisob (batafsil)'!$C$5:$C$371,"Kafel") -> 0 | T24: =SUMIFS('Hisob (batafsil)'!$J$5:$J$371,'Hisob (batafsil)'!$B$5:$B$371,$A24,'Hisob (batafsil)'!$C$5:$C$371,"Konditsioner va ventilyatsiya") -> 0 | U24: =SUMIFS('Hisob (batafsil)'!$J$5:$J$371,'Hisob (batafsil)'!$B$5:$B$371,$A24,'Hisob (batafsil)'!$C$5:$C$371,"Mebel va interyer") -> 0 | V24: =SUMIFS('Hisob (batafsil)'!$J$5:$J$371,'Hisob (batafsil)'!$B$5:$B$371,$A24,'Hisob (batafsil)'!$C$5:$C$371,"E'lon va e'tirof doskalari") -> 0 | W24: =SUMIFS('Hisob (batafsil)'!$J$5:$J$371,'Hisob (batafsil)'!$B$5:$B$371,$A24,'Hisob (batafsil)'!$C$5:$C$371,"Eshiklar") -> 0 | X24: =SUMIFS('Hisob (batafsil)'!$J$5:$J$371,'Hisob (batafsil)'!$B$5:$B$371,$A24,'Hisob (batafsil)'!$C$5:$C$371,"Internet va Wi-Fi") -> 0 | Y24: =SUMIFS('Hisob (batafsil)'!$J$5:$J$371,'Hisob (batafsil)'!$B$5:$B$371,$A24,'Hisob (batafsil)'!$C$5:$C$371,"Elektr") -> 0 | Z24: =C24+E24+G24+I24+K24+L24+M24+N24+O24+P24+Q24+R24+S24+T24+U24+V24+W24+X24+Y24 -> 621.53
A25: 2-qavat: ofis xonalari — jami | B25: =SUM(B20:B24) -> 57.125 | C25: =SUM(C20:C24) -> 3141.875 | D25: =SUM(D20:D24) -> 35.275 | E25: =SUM(E20:E24) -> 423.3 | F25: =SUM(F20:F24) -> 125.51 | G25: =SUM(G20:G24) -> 1945.405 | H25: =SUM(H20:H24) -> 0 | I25: =SUM(I20:I24) -> 0 | ... Z25: =SUM(Z20:Z24) -> 10760.58
A27: 2-qavat: umumiy joylar
A28: K1 koridori | B28: =SUMIFS('Hisob (batafsil)'!$G$5:$G$371,'Hisob (batafsil)'!$B$5:$B$371,$A28,'Hisob (batafsil)'!$C$5:$C$371,"Shisha devor") -> 0 | C28: =SUMIFS('Hisob (batafsil)'!$J$5:$J$371,'Hisob (batafsil)'!$B$5:$B$371,$A28,'Hisob (batafsil)'!$C$5:$C$371,"Shisha devor") -> 0 | D28: =SUMIFS('Hisob (batafsil)'!$G$5:$G$371,'Hisob (batafsil)'!$B$5:$B$371,$A28,'Hisob (batafsil)'!$C$5:$C$371,"Gips karton (GKL)") -> 35.325 | E28: =SUMIFS('Hisob (batafsil)'!$J$5:$J$371,'Hisob (batafsil)'!$B$5:$B$371,$A28,'Hisob (batafsil)'!$C$5:$C$371,"Gips karton (GKL)") -> 423.9 | F28: =SUMIFS('Hisob (batafsil)'!$G$5:$G$371,'Hisob (batafsil)'!$B$5:$B$371,$A28,'Hisob (batafsil)'!$C$5:$C$371,"Bambuk panel") -> 0 | G28: =SUMIFS('Hisob (batafsil)'!$J$5:$J$371,'Hisob (batafsil)'!$B$5:$B$371,$A28,'Hisob (batafsil)'!$C$5:$C$371,"Bambuk panel") -> 0 | H28: =SUMIFS('Hisob (batafsil)'!$G$5:$G$371,'Hisob (batafsil)'!$B$5:$B$371,$A28,'Hisob (batafsil)'!$C$5:$C$371,"Interaktiv doska") -> 0 | I28: =SUMIFS('Hisob (batafsil)'!$J$5:$J$371,'Hisob (batafsil)'!$B$5:$B$371,$A28,'Hisob (batafsil)'!$C$5:$C$371,"Interaktiv doska") -> 0 | J28: =SUMIFS('Hisob (batafsil)'!$G$5:$G$371,'Hisob (batafsil)'!$B$5:$B$371,$A28,'Hisob (batafsil)'!$C$5:$C$371,"Perila") -> 0 | K28: =SUMIFS('Hisob (batafsil)'!$J$5:$J$371,'Hisob (batafsil)'!$B$5:$B$371,$A28,'Hisob (batafsil)'!$C$5:$C$371,"Perila") -> 0 | L28: =SUMIFS('Hisob (batafsil)'!$J$5:$J$371,'Hisob (batafsil)'!$B$5:$B$371,$A28,'Hisob (batafsil)'!$C$5:$C$371,"Yoritish") -> 336 | M28: =SUMIFS('Hisob (batafsil)'!$J$5:$J$371,'Hisob (batafsil)'!$B$5:$B$371,$A28,'Hisob (batafsil)'!$C$5:$C$371,"Kamera tizimi") -> 0 | N28: =SUMIFS('Hisob (batafsil)'!$J$5:$J$371,'Hisob (batafsil)'!$B$5:$B$371,$A28,'Hisob (batafsil)'!$C$5:$C$371,"Logotip") -> 0 | O28: =SUMIFS('Hisob (batafsil)'!$J$5:$J$371,'Hisob (batafsil)'!$B$5:$B$371,$A28,'Hisob (batafsil)'!$C$5:$C$371,"Matli plyonka") -> 0 | P28: =SUMIFS('Hisob (batafsil)'!$J$5:$J$371,'Hisob (batafsil)'!$B$5:$B$371,$A28,'Hisob (batafsil)'!$C$5:$C$371,"Yong'in xavfsizligi") -> 0 | Q28: =SUMIFS('Hisob (batafsil)'!$J$5:$J$371,'Hisob (batafsil)'!$B$5:$B$371,$A28,'Hisob (batafsil)'!$C$5:$C$371,"Buzish ishlari") -> 0 | R28: =SUMIFS('Hisob (batafsil)'!$J$5:$J$371,'Hisob (batafsil)'!$B$5:$B$371,$A28,'Hisob (batafsil)'!$C$5:$C$371,"Santexnika") -> 0 | S28: =SUMIFS('Hisob (batafsil)'!$J$5:$J$371,'Hisob (batafsil)'!$B$5:$B$371,$A28,'Hisob (batafsil)'!$C$5:$C$371,"Kafel") -> 0 | T28: =SUMIFS('Hisob (batafsil)'!$J$5:$J$371,'Hisob (batafsil)'!$B$5:$B$371,$A28,'Hisob (batafsil)'!$C$5:$C$371,"Konditsioner va ventilyatsiya") -> 0 | U28: =SUMIFS('Hisob (batafsil)'!$J$5:$J$371,'Hisob (batafsil)'!$B$5:$B$371,$A28,'Hisob (batafsil)'!$C$5:$C$371,"Mebel va interyer") -> 1600 | V28: =SUMIFS('Hisob (batafsil)'!$J$5:$J$371,'Hisob (batafsil)'!$B$5:$B$371,$A28,'Hisob (batafsil)'!$C$5:$C$371,"E'lon va e'tirof doskalari") -> 0 | W28: =SUMIFS('Hisob (batafsil)'!$J$5:$J$371,'Hisob (batafsil)'!$B$5:$B$371,$A28,'Hisob (batafsil)'!$C$5:$C$371,"Eshiklar") -> 0 | X28: =SUMIFS('Hisob (batafsil)'!$J$5:$J$371,'Hisob (batafsil)'!$B$5:$B$371,$A28,'Hisob (batafsil)'!$C$5:$C$371,"Internet va Wi-Fi") -> 0 | Y28: =SUMIFS('Hisob (batafsil)'!$J$5:$J$371,'Hisob (batafsil)'!$B$5:$B$371,$A28,'Hisob (batafsil)'!$C$5:$C$371,"Elektr") -> 0 | Z28: =C28+E28+G28+I28+K28+L28+M28+N28+O28+P28+Q28+R28+S28+T28+U28+V28+W28+X28+Y28 -> 2359.9
A29: K2 koridori | B29: =SUMIFS('Hisob (batafsil)'!$G$5:$G$371,'Hisob (batafsil)'!$B$5:$B$371,$A29,'Hisob (batafsil)'!$C$5:$C$371,"Shisha devor") -> 0 | C29: =SUMIFS('Hisob (batafsil)'!$J$5:$J$371,'Hisob (batafsil)'!$B$5:$B$371,$A29,'Hisob (batafsil)'!$C$5:$C$371,"Shisha devor") -> 0 | D29: =SUMIFS('Hisob (batafsil)'!$G$5:$G$371,'Hisob (batafsil)'!$B$5:$B$371,$A29,'Hisob (batafsil)'!$C$5:$C$371,"Gips karton (GKL)") -> 36.05 | E29: =SUMIFS('Hisob (batafsil)'!$J$5:$J$371,'Hisob (batafsil)'!$B$5:$B$371,$A29,'Hisob (batafsil)'!$C$5:$C$371,"Gips karton (GKL)") -> 432.6 | F29: =SUMIFS('Hisob (batafsil)'!$G$5:$G$371,'Hisob (batafsil)'!$B$5:$B$371,$A29,'Hisob (batafsil)'!$C$5:$C$371,"Bambuk panel") -> 0 | G29: =SUMIFS('Hisob (batafsil)'!$J$5:$J$371,'Hisob (batafsil)'!$B$5:$B$371,$A29,'Hisob (batafsil)'!$C$5:$C$371,"Bambuk panel") -> 0 | H29: =SUMIFS('Hisob (batafsil)'!$G$5:$G$371,'Hisob (batafsil)'!$B$5:$B$371,$A29,'Hisob (batafsil)'!$C$5:$C$371,"Interaktiv doska") -> 0 | I29: =SUMIFS('Hisob (batafsil)'!$J$5:$J$371,'Hisob (batafsil)'!$B$5:$B$371,$A29,'Hisob (batafsil)'!$C$5:$C$371,"Interaktiv doska") -> 0 | J29: =SUMIFS('Hisob (batafsil)'!$G$5:$G$371,'Hisob (batafsil)'!$B$5:$B$371,$A29,'Hisob (batafsil)'!$C$5:$C$371,"Perila") -> 0 | K29: =SUMIFS('Hisob (batafsil)'!$J$5:$J$371,'Hisob (batafsil)'!$B$5:$B$371,$A29,'Hisob (batafsil)'!$C$5:$C$371,"Perila") -> 0 | L29: =SUMIFS('Hisob (batafsil)'!$J$5:$J$371,'Hisob (batafsil)'!$B$5:$B$371,$A29,'Hisob (batafsil)'!$C$5:$C$371,"Yoritish") -> 336 | M29: =SUMIFS('Hisob (batafsil)'!$J$5:$J$371,'Hisob (batafsil)'!$B$5:$B$371,$A29,'Hisob (batafsil)'!$C$5:$C$371,"Kamera tizimi") -> 0 | N29: =SUMIFS('Hisob (batafsil)'!$J$5:$J$371,'Hisob (batafsil)'!$B$5:$B$371,$A29,'Hisob (batafsil)'!$C$5:$C$371,"Logotip") -> 0 | O29: =SUMIFS('Hisob (batafsil)'!$J$5:$J$371,'Hisob (batafsil)'!$B$5:$B$371,$A29,'Hisob (batafsil)'!$C$5:$C$371,"Matli plyonka") -> 0 | P29: =SUMIFS('Hisob (batafsil)'!$J$5:$J$371,'Hisob (batafsil)'!$B$5:$B$371,$A29,'Hisob (batafsil)'!$C$5:$C$371,"Yong'in xavfsizligi") -> 0 | Q29: =SUMIFS('Hisob (batafsil)'!$J$5:$J$371,'Hisob (batafsil)'!$B$5:$B$371,$A29,'Hisob (batafsil)'!$C$5:$C$371,"Buzish ishlari") -> 0 | R29: =SUMIFS('Hisob (batafsil)'!$J$5:$J$371,'Hisob (batafsil)'!$B$5:$B$371,$A29,'Hisob (batafsil)'!$C$5:$C$371,"Santexnika") -> 0 | S29: =SUMIFS('Hisob (batafsil)'!$J$5:$J$371,'Hisob (batafsil)'!$B$5:$B$371,$A29,'Hisob (batafsil)'!$C$5:$C$371,"Kafel") -> 0 | T29: =SUMIFS('Hisob (batafsil)'!$J$5:$J$371,'Hisob (batafsil)'!$B$5:$B$371,$A29,'Hisob (batafsil)'!$C$5:$C$371,"Konditsioner va ventilyatsiya") -> 0 | U29: =SUMIFS('Hisob (batafsil)'!$J$5:$J$371,'Hisob (batafsil)'!$B$5:$B$371,$A29,'Hisob (batafsil)'!$C$5:$C$371,"Mebel va interyer") -> 1600 | V29: =SUMIFS('Hisob (batafsil)'!$J$5:$J$371,'Hisob (batafsil)'!$B$5:$B$371,$A29,'Hisob (batafsil)'!$C$5:$C$371,"E'lon va e'tirof doskalari") -> 0 | W29: =SUMIFS('Hisob (batafsil)'!$J$5:$J$371,'Hisob (batafsil)'!$B$5:$B$371,$A29,'Hisob (batafsil)'!$C$5:$C$371,"Eshiklar") -> 0 | X29: =SUMIFS('Hisob (batafsil)'!$J$5:$J$371,'Hisob (batafsil)'!$B$5:$B$371,$A29,'Hisob (batafsil)'!$C$5:$C$371,"Internet va Wi-Fi") -> 0 | Y29: =SUMIFS('Hisob (batafsil)'!$J$5:$J$371,'Hisob (batafsil)'!$B$5:$B$371,$A29,'Hisob (batafsil)'!$C$5:$C$371,"Elektr") -> 0 | Z29: =C29+E29+G29+I29+K29+L29+M29+N29+O29+P29+Q29+R29+S29+T29+U29+V29+W29+X29+Y29 -> 2368.6
A30: Kladovka (K1 oxiri) | B30: =SUMIFS('Hisob (batafsil)'!$G$5:$G$371,'Hisob (batafsil)'!$B$5:$B$371,$A30,'Hisob (batafsil)'!$C$5:$C$371,"Shisha devor") -> 0 | C30: =SUMIFS('Hisob (batafsil)'!$J$5:$J$371,'Hisob (batafsil)'!$B$5:$B$371,$A30,'Hisob (batafsil)'!$C$5:$C$371,"Shisha devor") -> 0 | D30: =SUMIFS('Hisob (batafsil)'!$G$5:$G$371,'Hisob (batafsil)'!$B$5:$B$371,$A30,'Hisob (batafsil)'!$C$5:$C$371,"Gips karton (GKL)") -> 22.05 | E30: =SUMIFS('Hisob (batafsil)'!$J$5:$J$371,'Hisob (batafsil)'!$B$5:$B$371,$A30,'Hisob (batafsil)'!$C$5:$C$371,"Gips karton (GKL)") -> 264.6 | F30: =SUMIFS('Hisob (batafsil)'!$G$5:$G$371,'Hisob (batafsil)'!$B$5:$B$371,$A30,'Hisob (batafsil)'!$C$5:$C$371,"Bambuk panel") -> 0 | G30: =SUMIFS('Hisob (batafsil)'!$J$5:$J$371,'Hisob (batafsil)'!$B$5:$B$371,$A30,'Hisob (batafsil)'!$C$5:$C$371,"Bambuk panel") -> 0 | H30: =SUMIFS('Hisob (batafsil)'!$G$5:$G$371,'Hisob (batafsil)'!$B$5:$B$371,$A30,'Hisob (batafsil)'!$C$5:$C$371,"Interaktiv doska") -> 0 | I30: =SUMIFS('Hisob (batafsil)'!$J$5:$J$371,'Hisob (batafsil)'!$B$5:$B$371,$A30,'Hisob (batafsil)'!$C$5:$C$371,"Interaktiv doska") -> 0 | J30: =SUMIFS('Hisob (batafsil)'!$G$5:$G$371,'Hisob (batafsil)'!$B$5:$B$371,$A30,'Hisob (batafsil)'!$C$5:$C$371,"Perila") -> 0 | K30: =SUMIFS('Hisob (batafsil)'!$J$5:$J$371,'Hisob (batafsil)'!$B$5:$B$371,$A30,'Hisob (batafsil)'!$C$5:$C$371,"Perila") -> 0 | L30: =SUMIFS('Hisob (batafsil)'!$J$5:$J$371,'Hisob (batafsil)'!$B$5:$B$371,$A30,'Hisob (batafsil)'!$C$5:$C$371,"Yoritish") -> 0 | M30: =SUMIFS('Hisob (batafsil)'!$J$5:$J$371,'Hisob (batafsil)'!$B$5:$B$371,$A30,'Hisob (batafsil)'!$C$5:$C$371,"Kamera tizimi") -> 0 | N30: =SUMIFS('Hisob (batafsil)'!$J$5:$J$371,'Hisob (batafsil)'!$B$5:$B$371,$A30,'Hisob (batafsil)'!$C$5:$C$371,"Logotip") -> 0 | O30: =SUMIFS('Hisob (batafsil)'!$J$5:$J$371,'Hisob (batafsil)'!$B$5:$B$371,$A30,'Hisob (batafsil)'!$C$5:$C$371,"Matli plyonka") -> 0 | P30: =SUMIFS('Hisob (batafsil)'!$J$5:$J$371,'Hisob (batafsil)'!$B$5:$B$371,$A30,'Hisob (batafsil)'!$C$5:$C$371,"Yong'in xavfsizligi") -> 0 | Q30: =SUMIFS('Hisob (batafsil)'!$J$5:$J$371,'Hisob (batafsil)'!$B$5:$B$371,$A30,'Hisob (batafsil)'!$C$5:$C$371,"Buzish ishlari") -> 0 | R30: =SUMIFS('Hisob (batafsil)'!$J$5:$J$371,'Hisob (batafsil)'!$B$5:$B$371,$A30,'Hisob (batafsil)'!$C$5:$C$371,"Santexnika") -> 0 | S30: =SUMIFS('Hisob (batafsil)'!$J$5:$J$371,'Hisob (batafsil)'!$B$5:$B$371,$A30,'Hisob (batafsil)'!$C$5:$C$371,"Kafel") -> 0 | T30: =SUMIFS('Hisob (batafsil)'!$J$5:$J$371,'Hisob (batafsil)'!$B$5:$B$371,$A30,'Hisob (batafsil)'!$C$5:$C$371,"Konditsioner va ventilyatsiya") -> 0 | U30: =SUMIFS('Hisob (batafsil)'!$J$5:$J$371,'Hisob (batafsil)'!$B$5:$B$371,$A30,'Hisob (batafsil)'!$C$5:$C$371,"Mebel va interyer") -> 0 | V30: =SUMIFS('Hisob (batafsil)'!$J$5:$J$371,'Hisob (batafsil)'!$B$5:$B$371,$A30,'Hisob (batafsil)'!$C$5:$C$371,"E'lon va e'tirof doskalari") -> 0 | W30: =SUMIFS('Hisob (batafsil)'!$J$5:$J$371,'Hisob (batafsil)'!$B$5:$B$371,$A30,'Hisob (batafsil)'!$C$5:$C$371,"Eshiklar") -> 350 | X30: =SUMIFS('Hisob (batafsil)'!$J$5:$J$371,'Hisob (batafsil)'!$B$5:$B$371,$A30,'Hisob (batafsil)'!$C$5:$C$371,"Internet va Wi-Fi") -> 0 | Y30: =SUMIFS('Hisob (batafsil)'!$J$5:$J$371,'Hisob (batafsil)'!$B$5:$B$371,$A30,'Hisob (batafsil)'!$C$5:$C$371,"Elektr") -> 0 | Z30: =C30+E30+G30+I30+K30+L30+M30+N30+O30+P30+Q30+R30+S30+T30+U30+V30+W30+X30+Y30 -> 614.6
A31: Kladovka (K2 oxiri) | B31: =SUMIFS('Hisob (batafsil)'!$G$5:$G$371,'Hisob (batafsil)'!$B$5:$B$371,$A31,'Hisob (batafsil)'!$C$5:$C$371,"Shisha devor") -> 0 | C31: =SUMIFS('Hisob (batafsil)'!$J$5:$J$371,'Hisob (batafsil)'!$B$5:$B$371,$A31,'Hisob (batafsil)'!$C$5:$C$371,"Shisha devor") -> 0 | D31: =SUMIFS('Hisob (batafsil)'!$G$5:$G$371,'Hisob (batafsil)'!$B$5:$B$371,$A31,'Hisob (batafsil)'!$C$5:$C$371,"Gips karton (GKL)") -> 22.05 | E31: =SUMIFS('Hisob (batafsil)'!$J$5:$J$371,'Hisob (batafsil)'!$B$5:$B$371,$A31,'Hisob (batafsil)'!$C$5:$C$371,"Gips karton (GKL)") -> 264.6 | F31: =SUMIFS('Hisob (batafsil)'!$G$5:$G$371,'Hisob (batafsil)'!$B$5:$B$371,$A31,'Hisob (batafsil)'!$C$5:$C$371,"Bambuk panel") -> 0 | G31: =SUMIFS('Hisob (batafsil)'!$J$5:$J$371,'Hisob (batafsil)'!$B$5:$B$371,$A31,'Hisob (batafsil)'!$C$5:$C$371,"Bambuk panel") -> 0 | H31: =SUMIFS('Hisob (batafsil)'!$G$5:$G$371,'Hisob (batafsil)'!$B$5:$B$371,$A31,'Hisob (batafsil)'!$C$5:$C$371,"Interaktiv doska") -> 0 | I31: =SUMIFS('Hisob (batafsil)'!$J$5:$J$371,'Hisob (batafsil)'!$B$5:$B$371,$A31,'Hisob (batafsil)'!$C$5:$C$371,"Interaktiv doska") -> 0 | J31: =SUMIFS('Hisob (batafsil)'!$G$5:$G$371,'Hisob (batafsil)'!$B$5:$B$371,$A31,'Hisob (batafsil)'!$C$5:$C$371,"Perila") -> 0 | K31: =SUMIFS('Hisob (batafsil)'!$J$5:$J$371,'Hisob (batafsil)'!$B$5:$B$371,$A31,'Hisob (batafsil)'!$C$5:$C$371,"Perila") -> 0 | L31: =SUMIFS('Hisob (batafsil)'!$J$5:$J$371,'Hisob (batafsil)'!$B$5:$B$371,$A31,'Hisob (batafsil)'!$C$5:$C$371,"Yoritish") -> 0 | M31: =SUMIFS('Hisob (batafsil)'!$J$5:$J$371,'Hisob (batafsil)'!$B$5:$B$371,$A31,'Hisob (batafsil)'!$C$5:$C$371,"Kamera tizimi") -> 0 | N31: =SUMIFS('Hisob (batafsil)'!$J$5:$J$371,'Hisob (batafsil)'!$B$5:$B$371,$A31,'Hisob (batafsil)'!$C$5:$C$371,"Logotip") -> 0 | O31: =SUMIFS('Hisob (batafsil)'!$J$5:$J$371,'Hisob (batafsil)'!$B$5:$B$371,$A31,'Hisob (batafsil)'!$C$5:$C$371,"Matli plyonka") -> 0 | P31: =SUMIFS('Hisob (batafsil)'!$J$5:$J$371,'Hisob (batafsil)'!$B$5:$B$371,$A31,'Hisob (batafsil)'!$C$5:$C$371,"Yong'in xavfsizligi") -> 0 | Q31: =SUMIFS('Hisob (batafsil)'!$J$5:$J$371,'Hisob (batafsil)'!$B$5:$B$371,$A31,'Hisob (batafsil)'!$C$5:$C$371,"Buzish ishlari") -> 0 | R31: =SUMIFS('Hisob (batafsil)'!$J$5:$J$371,'Hisob (batafsil)'!$B$5:$B$371,$A31,'Hisob (batafsil)'!$C$5:$C$371,"Santexnika") -> 0 | S31: =SUMIFS('Hisob (batafsil)'!$J$5:$J$371,'Hisob (batafsil)'!$B$5:$B$371,$A31,'Hisob (batafsil)'!$C$5:$C$371,"Kafel") -> 0 | T31: =SUMIFS('Hisob (batafsil)'!$J$5:$J$371,'Hisob (batafsil)'!$B$5:$B$371,$A31,'Hisob (batafsil)'!$C$5:$C$371,"Konditsioner va ventilyatsiya") -> 0 | U31: =SUMIFS('Hisob (batafsil)'!$J$5:$J$371,'Hisob (batafsil)'!$B$5:$B$371,$A31,'Hisob (batafsil)'!$C$5:$C$371,"Mebel va interyer") -> 0 | V31: =SUMIFS('Hisob (batafsil)'!$J$5:$J$371,'Hisob (batafsil)'!$B$5:$B$371,$A31,'Hisob (batafsil)'!$C$5:$C$371,"E'lon va e'tirof doskalari") -> 0 | W31: =SUMIFS('Hisob (batafsil)'!$J$5:$J$371,'Hisob (batafsil)'!$B$5:$B$371,$A31,'Hisob (batafsil)'!$C$5:$C$371,"Eshiklar") -> 350 | X31: =SUMIFS('Hisob (batafsil)'!$J$5:$J$371,'Hisob (batafsil)'!$B$5:$B$371,$A31,'Hisob (batafsil)'!$C$5:$C$371,"Internet va Wi-Fi") -> 0 | Y31: =SUMIFS('Hisob (batafsil)'!$J$5:$J$371,'Hisob (batafsil)'!$B$5:$B$371,$A31,'Hisob (batafsil)'!$C$5:$C$371,"Elektr") -> 0 | Z31: =C31+E31+G31+I31+K31+L31+M31+N31+O31+P31+Q31+R31+S31+T31+U31+V31+W31+X31+Y31 -> 614.6
A32: Koworking zali | B32: =SUMIFS('Hisob (batafsil)'!$G$5:$G$371,'Hisob (batafsil)'!$B$5:$B$371,$A32,'Hisob (batafsil)'!$C$5:$C$371,"Shisha devor") -> 0 | C32: =SUMIFS('Hisob (batafsil)'!$J$5:$J$371,'Hisob (batafsil)'!$B$5:$B$371,$A32,'Hisob (batafsil)'!$C$5:$C$371,"Shisha devor") -> 0 | D32: =SUMIFS('Hisob (batafsil)'!$G$5:$G$371,'Hisob (batafsil)'!$B$5:$B$371,$A32,'Hisob (batafsil)'!$C$5:$C$371,"Gips karton (GKL)") -> 9.625 | E32: =SUMIFS('Hisob (batafsil)'!$J$5:$J$371,'Hisob (batafsil)'!$B$5:$B$371,$A32,'Hisob (batafsil)'!$C$5:$C$371,"Gips karton (GKL)") -> 115.5 | F32: =SUMIFS('Hisob (batafsil)'!$G$5:$G$371,'Hisob (batafsil)'!$B$5:$B$371,$A32,'Hisob (batafsil)'!$C$5:$C$371,"Bambuk panel") -> 0 | G32: =SUMIFS('Hisob (batafsil)'!$J$5:$J$371,'Hisob (batafsil)'!$B$5:$B$371,$A32,'Hisob (batafsil)'!$C$5:$C$371,"Bambuk panel") -> 0 | H32: =SUMIFS('Hisob (batafsil)'!$G$5:$G$371,'Hisob (batafsil)'!$B$5:$B$371,$A32,'Hisob (batafsil)'!$C$5:$C$371,"Interaktiv doska") -> 0 | I32: =SUMIFS('Hisob (batafsil)'!$J$5:$J$371,'Hisob (batafsil)'!$B$5:$B$371,$A32,'Hisob (batafsil)'!$C$5:$C$371,"Interaktiv doska") -> 0 | J32: =SUMIFS('Hisob (batafsil)'!$G$5:$G$371,'Hisob (batafsil)'!$B$5:$B$371,$A32,'Hisob (batafsil)'!$C$5:$C$371,"Perila") -> 0 | K32: =SUMIFS('Hisob (batafsil)'!$J$5:$J$371,'Hisob (batafsil)'!$B$5:$B$371,$A32,'Hisob (batafsil)'!$C$5:$C$371,"Perila") -> 0 | L32: =SUMIFS('Hisob (batafsil)'!$J$5:$J$371,'Hisob (batafsil)'!$B$5:$B$371,$A32,'Hisob (batafsil)'!$C$5:$C$371,"Yoritish") -> 336 | M32: =SUMIFS('Hisob (batafsil)'!$J$5:$J$371,'Hisob (batafsil)'!$B$5:$B$371,$A32,'Hisob (batafsil)'!$C$5:$C$371,"Kamera tizimi") -> 0 | N32: =SUMIFS('Hisob (batafsil)'!$J$5:$J$371,'Hisob (batafsil)'!$B$5:$B$371,$A32,'Hisob (batafsil)'!$C$5:$C$371,"Logotip") -> 0 | O32: =SUMIFS('Hisob (batafsil)'!$J$5:$J$371,'Hisob (batafsil)'!$B$5:$B$371,$A32,'Hisob (batafsil)'!$C$5:$C$371,"Matli plyonka") -> 0 | P32: =SUMIFS('Hisob (batafsil)'!$J$5:$J$371,'Hisob (batafsil)'!$B$5:$B$371,$A32,'Hisob (batafsil)'!$C$5:$C$371,"Yong'in xavfsizligi") -> 0 | Q32: =SUMIFS('Hisob (batafsil)'!$J$5:$J$371,'Hisob (batafsil)'!$B$5:$B$371,$A32,'Hisob (batafsil)'!$C$5:$C$371,"Buzish ishlari") -> 0 | R32: =SUMIFS('Hisob (batafsil)'!$J$5:$J$371,'Hisob (batafsil)'!$B$5:$B$371,$A32,'Hisob (batafsil)'!$C$5:$C$371,"Santexnika") -> 0 | S32: =SUMIFS('Hisob (batafsil)'!$J$5:$J$371,'Hisob (batafsil)'!$B$5:$B$371,$A32,'Hisob (batafsil)'!$C$5:$C$371,"Kafel") -> 0 | T32: =SUMIFS('Hisob (batafsil)'!$J$5:$J$371,'Hisob (batafsil)'!$B$5:$B$371,$A32,'Hisob (batafsil)'!$C$5:$C$371,"Konditsioner va ventilyatsiya") -> 0 | U32: =SUMIFS('Hisob (batafsil)'!$J$5:$J$371,'Hisob (batafsil)'!$B$5:$B$371,$A32,'Hisob (batafsil)'!$C$5:$C$371,"Mebel va interyer") -> 3410 | V32: =SUMIFS('Hisob (batafsil)'!$J$5:$J$371,'Hisob (batafsil)'!$B$5:$B$371,$A32,'Hisob (batafsil)'!$C$5:$C$371,"E'lon va e'tirof doskalari") -> 370 | W32: =SUMIFS('Hisob (batafsil)'!$J$5:$J$371,'Hisob (batafsil)'!$B$5:$B$371,$A32,'Hisob (batafsil)'!$C$5:$C$371,"Eshiklar") -> 0 | X32: =SUMIFS('Hisob (batafsil)'!$J$5:$J$371,'Hisob (batafsil)'!$B$5:$B$371,$A32,'Hisob (batafsil)'!$C$5:$C$371,"Internet va Wi-Fi") -> 0 | Y32: =SUMIFS('Hisob (batafsil)'!$J$5:$J$371,'Hisob (batafsil)'!$B$5:$B$371,$A32,'Hisob (batafsil)'!$C$5:$C$371,"Elektr") -> 0 | Z32: =C32+E32+G32+I32+K32+L32+M32+N32+O32+P32+Q32+R32+S32+T32+U32+V32+W32+X32+Y32 -> 4231.5
A33: Kirish zali | B33: =SUMIFS('Hisob (batafsil)'!$G$5:$G$371,'Hisob (batafsil)'!$B$5:$B$371,$A33,'Hisob (batafsil)'!$C$5:$C$371,"Shisha devor") -> 0 | C33: =SUMIFS('Hisob (batafsil)'!$J$5:$J$371,'Hisob (batafsil)'!$B$5:$B$371,$A33,'Hisob (batafsil)'!$C$5:$C$371,"Shisha devor") -> 0 | D33: =SUMIFS('Hisob (batafsil)'!$G$5:$G$371,'Hisob (batafsil)'!$B$5:$B$371,$A33,'Hisob (batafsil)'!$C$5:$C$371,"Gips karton (GKL)") -> 9.1 | E33: =SUMIFS('Hisob (batafsil)'!$J$5:$J$371,'Hisob (batafsil)'!$B$5:$B$371,$A33,'Hisob (batafsil)'!$C$5:$C$371,"Gips karton (GKL)") -> 109.2 | F33: =SUMIFS('Hisob (batafsil)'!$G$5:$G$371,'Hisob (batafsil)'!$B$5:$B$371,$A33,'Hisob (batafsil)'!$C$5:$C$371,"Bambuk panel") -> 0 | G33: =SUMIFS('Hisob (batafsil)'!$J$5:$J$371,'Hisob (batafsil)'!$B$5:$B$371,$A33,'Hisob (batafsil)'!$C$5:$C$371,"Bambuk panel") -> 0 | H33: =SUMIFS('Hisob (batafsil)'!$G$5:$G$371,'Hisob (batafsil)'!$B$5:$B$371,$A33,'Hisob (batafsil)'!$C$5:$C$371,"Interaktiv doska") -> 0 | I33: =SUMIFS('Hisob (batafsil)'!$J$5:$J$371,'Hisob (batafsil)'!$B$5:$B$371,$A33,'Hisob (batafsil)'!$C$5:$C$371,"Interaktiv doska") -> 0 | J33: =SUMIFS('Hisob (batafsil)'!$G$5:$G$371,'Hisob (batafsil)'!$B$5:$B$371,$A33,'Hisob (batafsil)'!$C$5:$C$371,"Perila") -> 0 | K33: =SUMIFS('Hisob (batafsil)'!$J$5:$J$371,'Hisob (batafsil)'!$B$5:$B$371,$A33,'Hisob (batafsil)'!$C$5:$C$371,"Perila") -> 0 | L33: =SUMIFS('Hisob (batafsil)'!$J$5:$J$371,'Hisob (batafsil)'!$B$5:$B$371,$A33,'Hisob (batafsil)'!$C$5:$C$371,"Yoritish") -> 0 | M33: =SUMIFS('Hisob (batafsil)'!$J$5:$J$371,'Hisob (batafsil)'!$B$5:$B$371,$A33,'Hisob (batafsil)'!$C$5:$C$371,"Kamera tizimi") -> 0 | N33: =SUMIFS('Hisob (batafsil)'!$J$5:$J$371,'Hisob (batafsil)'!$B$5:$B$371,$A33,'Hisob (batafsil)'!$C$5:$C$371,"Logotip") -> 0 | O33: =SUMIFS('Hisob (batafsil)'!$J$5:$J$371,'Hisob (batafsil)'!$B$5:$B$371,$A33,'Hisob (batafsil)'!$C$5:$C$371,"Matli plyonka") -> 0 | P33: =SUMIFS('Hisob (batafsil)'!$J$5:$J$371,'Hisob (batafsil)'!$B$5:$B$371,$A33,'Hisob (batafsil)'!$C$5:$C$371,"Yong'in xavfsizligi") -> 0 | Q33: =SUMIFS('Hisob (batafsil)'!$J$5:$J$371,'Hisob (batafsil)'!$B$5:$B$371,$A33,'Hisob (batafsil)'!$C$5:$C$371,"Buzish ishlari") -> 0 | R33: =SUMIFS('Hisob (batafsil)'!$J$5:$J$371,'Hisob (batafsil)'!$B$5:$B$371,$A33,'Hisob (batafsil)'!$C$5:$C$371,"Santexnika") -> 0 | S33: =SUMIFS('Hisob (batafsil)'!$J$5:$J$371,'Hisob (batafsil)'!$B$5:$B$371,$A33,'Hisob (batafsil)'!$C$5:$C$371,"Kafel") -> 0 | T33: =SUMIFS('Hisob (batafsil)'!$J$5:$J$371,'Hisob (batafsil)'!$B$5:$B$371,$A33,'Hisob (batafsil)'!$C$5:$C$371,"Konditsioner va ventilyatsiya") -> 0 | U33: =SUMIFS('Hisob (batafsil)'!$J$5:$J$371,'Hisob (batafsil)'!$B$5:$B$371,$A33,'Hisob (batafsil)'!$C$5:$C$371,"Mebel va interyer") -> 0 | V33: =SUMIFS('Hisob (batafsil)'!$J$5:$J$371,'Hisob (batafsil)'!$B$5:$B$371,$A33,'Hisob (batafsil)'!$C$5:$C$371,"E'lon va e'tirof doskalari") -> 0 | W33: =SUMIFS('Hisob (batafsil)'!$J$5:$J$371,'Hisob (batafsil)'!$B$5:$B$371,$A33,'Hisob (batafsil)'!$C$5:$C$371,"Eshiklar") -> 0 | X33: =SUMIFS('Hisob (batafsil)'!$J$5:$J$371,'Hisob (batafsil)'!$B$5:$B$371,$A33,'Hisob (batafsil)'!$C$5:$C$371,"Internet va Wi-Fi") -> 0 | Y33: =SUMIFS('Hisob (batafsil)'!$J$5:$J$371,'Hisob (batafsil)'!$B$5:$B$371,$A33,'Hisob (batafsil)'!$C$5:$C$371,"Elektr") -> 0 | Z33: =C33+E33+G33+I33+K33+L33+M33+N33+O33+P33+Q33+R33+S33+T33+U33+V33+W33+X33+Y33 -> 109.2
A34: Zinapoya | B34: =SUMIFS('Hisob (batafsil)'!$G$5:$G$371,'Hisob (batafsil)'!$B$5:$B$371,$A34,'Hisob (batafsil)'!$C$5:$C$371,"Shisha devor") -> 0 | C34: =SUMIFS('Hisob (batafsil)'!$J$5:$J$371,'Hisob (batafsil)'!$B$5:$B$371,$A34,'Hisob (batafsil)'!$C$5:$C$371,"Shisha devor") -> 0 | D34: =SUMIFS('Hisob (batafsil)'!$G$5:$G$371,'Hisob (batafsil)'!$B$5:$B$371,$A34,'Hisob (batafsil)'!$C$5:$C$371,"Gips karton (GKL)") -> 0 | E34: =SUMIFS('Hisob (batafsil)'!$J$5:$J$371,'Hisob (batafsil)'!$B$5:$B$371,$A34,'Hisob (batafsil)'!$C$5:$C$371,"Gips karton (GKL)") -> 0 | F34: =SUMIFS('Hisob (batafsil)'!$G$5:$G$371,'Hisob (batafsil)'!$B$5:$B$371,$A34,'Hisob (batafsil)'!$C$5:$C$371,"Bambuk panel") -> 0 | G34: =SUMIFS('Hisob (batafsil)'!$J$5:$J$371,'Hisob (batafsil)'!$B$5:$B$371,$A34,'Hisob (batafsil)'!$C$5:$C$371,"Bambuk panel") -> 0 | H34: =SUMIFS('Hisob (batafsil)'!$G$5:$G$371,'Hisob (batafsil)'!$B$5:$B$371,$A34,'Hisob (batafsil)'!$C$5:$C$371,"Interaktiv doska") -> 0 | I34: =SUMIFS('Hisob (batafsil)'!$J$5:$J$371,'Hisob (batafsil)'!$B$5:$B$371,$A34,'Hisob (batafsil)'!$C$5:$C$371,"Interaktiv doska") -> 0 | J34: =SUMIFS('Hisob (batafsil)'!$G$5:$G$371,'Hisob (batafsil)'!$B$5:$B$371,$A34,'Hisob (batafsil)'!$C$5:$C$371,"Perila") -> 27.65 | K34: =SUMIFS('Hisob (batafsil)'!$J$5:$J$371,'Hisob (batafsil)'!$B$5:$B$371,$A34,'Hisob (batafsil)'!$C$5:$C$371,"Perila") -> 2322.6 | L34: =SUMIFS('Hisob (batafsil)'!$J$5:$J$371,'Hisob (batafsil)'!$B$5:$B$371,$A34,'Hisob (batafsil)'!$C$5:$C$371,"Yoritish") -> 0 | M34: =SUMIFS('Hisob (batafsil)'!$J$5:$J$371,'Hisob (batafsil)'!$B$5:$B$371,$A34,'Hisob (batafsil)'!$C$5:$C$371,"Kamera tizimi") -> 0 | N34: =SUMIFS('Hisob (batafsil)'!$J$5:$J$371,'Hisob (batafsil)'!$B$5:$B$371,$A34,'Hisob (batafsil)'!$C$5:$C$371,"Logotip") -> 0 | O34: =SUMIFS('Hisob (batafsil)'!$J$5:$J$371,'Hisob (batafsil)'!$B$5:$B$371,$A34,'Hisob (batafsil)'!$C$5:$C$371,"Matli plyonka") -> 0 | P34: =SUMIFS('Hisob (batafsil)'!$J$5:$J$371,'Hisob (batafsil)'!$B$5:$B$371,$A34,'Hisob (batafsil)'!$C$5:$C$371,"Yong'in xavfsizligi") -> 0 | Q34: =SUMIFS('Hisob (batafsil)'!$J$5:$J$371,'Hisob (batafsil)'!$B$5:$B$371,$A34,'Hisob (batafsil)'!$C$5:$C$371,"Buzish ishlari") -> 0 | R34: =SUMIFS('Hisob (batafsil)'!$J$5:$J$371,'Hisob (batafsil)'!$B$5:$B$371,$A34,'Hisob (batafsil)'!$C$5:$C$371,"Santexnika") -> 0 | S34: =SUMIFS('Hisob (batafsil)'!$J$5:$J$371,'Hisob (batafsil)'!$B$5:$B$371,$A34,'Hisob (batafsil)'!$C$5:$C$371,"Kafel") -> 0 | T34: =SUMIFS('Hisob (batafsil)'!$J$5:$J$371,'Hisob (batafsil)'!$B$5:$B$371,$A34,'Hisob (batafsil)'!$C$5:$C$371,"Konditsioner va ventilyatsiya") -> 0 | U34: =SUMIFS('Hisob (batafsil)'!$J$5:$J$371,'Hisob (batafsil)'!$B$5:$B$371,$A34,'Hisob (batafsil)'!$C$5:$C$371,"Mebel va interyer") -> 0 | V34: =SUMIFS('Hisob (batafsil)'!$J$5:$J$371,'Hisob (batafsil)'!$B$5:$B$371,$A34,'Hisob (batafsil)'!$C$5:$C$371,"E'lon va e'tirof doskalari") -> 0 | W34: =SUMIFS('Hisob (batafsil)'!$J$5:$J$371,'Hisob (batafsil)'!$B$5:$B$371,$A34,'Hisob (batafsil)'!$C$5:$C$371,"Eshiklar") -> 0 | X34: =SUMIFS('Hisob (batafsil)'!$J$5:$J$371,'Hisob (batafsil)'!$B$5:$B$371,$A34,'Hisob (batafsil)'!$C$5:$C$371,"Internet va Wi-Fi") -> 0 | Y34: =SUMIFS('Hisob (batafsil)'!$J$5:$J$371,'Hisob (batafsil)'!$B$5:$B$371,$A34,'Hisob (batafsil)'!$C$5:$C$371,"Elektr") -> 0 | Z34: =C34+E34+G34+I34+K34+L34+M34+N34+O34+P34+Q34+R34+S34+T34+U34+V34+W34+X34+Y34 -> 2322.6
A35: Butun qavat (umumiy ishlar) | B35: =SUMIFS('Hisob (batafsil)'!$G$5:$G$371,'Hisob (batafsil)'!$B$5:$B$371,$A35,'Hisob (batafsil)'!$C$5:$C$371,"Shisha devor") -> 0 | C35: =SUMIFS('Hisob (batafsil)'!$J$5:$J$371,'Hisob (batafsil)'!$B$5:$B$371,$A35,'Hisob (batafsil)'!$C$5:$C$371,"Shisha devor") -> 0 | D35: =SUMIFS('Hisob (batafsil)'!$G$5:$G$371,'Hisob (batafsil)'!$B$5:$B$371,$A35,'Hisob (batafsil)'!$C$5:$C$371,"Gips karton (GKL)") -> 0 | E35: =SUMIFS('Hisob (batafsil)'!$J$5:$J$371,'Hisob (batafsil)'!$B$5:$B$371,$A35,'Hisob (batafsil)'!$C$5:$C$371,"Gips karton (GKL)") -> 0 | F35: =SUMIFS('Hisob (batafsil)'!$G$5:$G$371,'Hisob (batafsil)'!$B$5:$B$371,$A35,'Hisob (batafsil)'!$C$5:$C$371,"Bambuk panel") -> 0 | G35: =SUMIFS('Hisob (batafsil)'!$J$5:$J$371,'Hisob (batafsil)'!$B$5:$B$371,$A35,'Hisob (batafsil)'!$C$5:$C$371,"Bambuk panel") -> 0 | H35: =SUMIFS('Hisob (batafsil)'!$G$5:$G$371,'Hisob (batafsil)'!$B$5:$B$371,$A35,'Hisob (batafsil)'!$C$5:$C$371,"Interaktiv doska") -> 0 | I35: =SUMIFS('Hisob (batafsil)'!$J$5:$J$371,'Hisob (batafsil)'!$B$5:$B$371,$A35,'Hisob (batafsil)'!$C$5:$C$371,"Interaktiv doska") -> 0 | J35: =SUMIFS('Hisob (batafsil)'!$G$5:$G$371,'Hisob (batafsil)'!$B$5:$B$371,$A35,'Hisob (batafsil)'!$C$5:$C$371,"Perila") -> 0 | K35: =SUMIFS('Hisob (batafsil)'!$J$5:$J$371,'Hisob (batafsil)'!$B$5:$B$371,$A35,'Hisob (batafsil)'!$C$5:$C$371,"Perila") -> 0 | L35: =SUMIFS('Hisob (batafsil)'!$J$5:$J$371,'Hisob (batafsil)'!$B$5:$B$371,$A35,'Hisob (batafsil)'!$C$5:$C$371,"Yoritish") -> 0 | M35: =SUMIFS('Hisob (batafsil)'!$J$5:$J$371,'Hisob (batafsil)'!$B$5:$B$371,$A35,'Hisob (batafsil)'!$C$5:$C$371,"Kamera tizimi") -> 3438.5 | N35: =SUMIFS('Hisob (batafsil)'!$J$5:$J$371,'Hisob (batafsil)'!$B$5:$B$371,$A35,'Hisob (batafsil)'!$C$5:$C$371,"Logotip") -> 2500 | O35: =SUMIFS('Hisob (batafsil)'!$J$5:$J$371,'Hisob (batafsil)'!$B$5:$B$371,$A35,'Hisob (batafsil)'!$C$5:$C$371,"Matli plyonka") -> 537.81513 | P35: =SUMIFS('Hisob (batafsil)'!$J$5:$J$371,'Hisob (batafsil)'!$B$5:$B$371,$A35,'Hisob (batafsil)'!$C$5:$C$371,"Yong'in xavfsizligi") -> 1512.605 | Q35: =SUMIFS('Hisob (batafsil)'!$J$5:$J$371,'Hisob (batafsil)'!$B$5:$B$371,$A35,'Hisob (batafsil)'!$C$5:$C$371,"Buzish ishlari") -> 340.54622 | R35: =SUMIFS('Hisob (batafsil)'!$J$5:$J$371,'Hisob (batafsil)'!$B$5:$B$371,$A35,'Hisob (batafsil)'!$C$5:$C$371,"Santexnika") -> 0 | S35: =SUMIFS('Hisob (batafsil)'!$J$5:$J$371,'Hisob (batafsil)'!$B$5:$B$371,$A35,'Hisob (batafsil)'!$C$5:$C$371,"Kafel") -> 0 | T35: =SUMIFS('Hisob (batafsil)'!$J$5:$J$371,'Hisob (batafsil)'!$B$5:$B$371,$A35,'Hisob (batafsil)'!$C$5:$C$371,"Konditsioner va ventilyatsiya") -> 17061.765 | U35: =SUMIFS('Hisob (batafsil)'!$J$5:$J$371,'Hisob (batafsil)'!$B$5:$B$371,$A35,'Hisob (batafsil)'!$C$5:$C$371,"Mebel va interyer") -> 0 | V35: =SUMIFS('Hisob (batafsil)'!$J$5:$J$371,'Hisob (batafsil)'!$B$5:$B$371,$A35,'Hisob (batafsil)'!$C$5:$C$371,"E'lon va e'tirof doskalari") -> 0 | W35: =SUMIFS('Hisob (batafsil)'!$J$5:$J$371,'Hisob (batafsil)'!$B$5:$B$371,$A35,'Hisob (batafsil)'!$C$5:$C$371,"Eshiklar") -> 0 | X35: =SUMIFS('Hisob (batafsil)'!$J$5:$J$371,'Hisob (batafsil)'!$B$5:$B$371,$A35,'Hisob (batafsil)'!$C$5:$C$371,"Internet va Wi-Fi") -> 2737.563 | Y35: =SUMIFS('Hisob (batafsil)'!$J$5:$J$371,'Hisob (batafsil)'!$B$5:$B$371,$A35,'Hisob (batafsil)'!$C$5:$C$371,"Elektr") -> 3264.6639 | Z35: =C35+E35+G35+I35+K35+L35+M35+N35+O35+P35+Q35+R35+S35+T35+U35+V35+W35+X35+Y35 -> 31393.458
A36: 2-qavat: umumiy joylar — jami | B36: =SUM(B28:B35) -> 0 | C36: =SUM(C28:C35) -> 0 | D36: =SUM(D28:D35) -> 134.2 | E36: =SUM(E28:E35) -> 1610.4 | F36: =SUM(F28:F35) -> 0 | G36: =SUM(G28:G35) -> 0 | H36: =SUM(H28:H35) -> 0 | I36: =SUM(I28:I35) -> 0 | ... Z36: =SUM(Z28:Z35) -> 44014.458
A38: 3-qavat va hojatxonalar
A39: 3-qavat 5-xona — o'quv xonasi (24 o'rin) | B39: =SUMIFS('Hisob (batafsil)'!$G$5:$G$371,'Hisob (batafsil)'!$B$5:$B$371,$A39,'Hisob (batafsil)'!$C$5:$C$371,"Shisha devor") -> 0 | C39: =SUMIFS('Hisob (batafsil)'!$J$5:$J$371,'Hisob (batafsil)'!$B$5:$B$371,$A39,'Hisob (batafsil)'!$C$5:$C$371,"Shisha devor") -> 0 | D39: =SUMIFS('Hisob (batafsil)'!$G$5:$G$371,'Hisob (batafsil)'!$B$5:$B$371,$A39,'Hisob (batafsil)'!$C$5:$C$371,"Gips karton (GKL)") -> 0 | E39: =SUMIFS('Hisob (batafsil)'!$J$5:$J$371,'Hisob (batafsil)'!$B$5:$B$371,$A39,'Hisob (batafsil)'!$C$5:$C$371,"Gips karton (GKL)") -> 0 | F39: =SUMIFS('Hisob (batafsil)'!$G$5:$G$371,'Hisob (batafsil)'!$B$5:$B$371,$A39,'Hisob (batafsil)'!$C$5:$C$371,"Bambuk panel") -> 46.86 | G39: =SUMIFS('Hisob (batafsil)'!$J$5:$J$371,'Hisob (batafsil)'!$B$5:$B$371,$A39,'Hisob (batafsil)'!$C$5:$C$371,"Bambuk panel") -> 726.33 | H39: =SUMIFS('Hisob (batafsil)'!$G$5:$G$371,'Hisob (batafsil)'!$B$5:$B$371,$A39,'Hisob (batafsil)'!$C$5:$C$371,"Interaktiv doska") -> 1 | I39: =SUMIFS('Hisob (batafsil)'!$J$5:$J$371,'Hisob (batafsil)'!$B$5:$B$371,$A39,'Hisob (batafsil)'!$C$5:$C$371,"Interaktiv doska") -> 1032 | J39: =SUMIFS('Hisob (batafsil)'!$G$5:$G$371,'Hisob (batafsil)'!$B$5:$B$371,$A39,'Hisob (batafsil)'!$C$5:$C$371,"Perila") -> 0 | K39: =SUMIFS('Hisob (batafsil)'!$J$5:$J$371,'Hisob (batafsil)'!$B$5:$B$371,$A39,'Hisob (batafsil)'!$C$5:$C$371,"Perila") -> 0 | L39: =SUMIFS('Hisob (batafsil)'!$J$5:$J$371,'Hisob (batafsil)'!$B$5:$B$371,$A39,'Hisob (batafsil)'!$C$5:$C$371,"Yoritish") -> 0 | M39: =SUMIFS('Hisob (batafsil)'!$J$5:$J$371,'Hisob (batafsil)'!$B$5:$B$371,$A39,'Hisob (batafsil)'!$C$5:$C$371,"Kamera tizimi") -> 0 | N39: =SUMIFS('Hisob (batafsil)'!$J$5:$J$371,'Hisob (batafsil)'!$B$5:$B$371,$A39,'Hisob (batafsil)'!$C$5:$C$371,"Logotip") -> 0 | O39: =SUMIFS('Hisob (batafsil)'!$J$5:$J$371,'Hisob (batafsil)'!$B$5:$B$371,$A39,'Hisob (batafsil)'!$C$5:$C$371,"Matli plyonka") -> 0 | P39: =SUMIFS('Hisob (batafsil)'!$J$5:$J$371,'Hisob (batafsil)'!$B$5:$B$371,$A39,'Hisob (batafsil)'!$C$5:$C$371,"Yong'in xavfsizligi") -> 0 | Q39: =SUMIFS('Hisob (batafsil)'!$J$5:$J$371,'Hisob (batafsil)'!$B$5:$B$371,$A39,'Hisob (batafsil)'!$C$5:$C$371,"Buzish ishlari") -> 0 | R39: =SUMIFS('Hisob (batafsil)'!$J$5:$J$371,'Hisob (batafsil)'!$B$5:$B$371,$A39,'Hisob (batafsil)'!$C$5:$C$371,"Santexnika") -> 0 | S39: =SUMIFS('Hisob (batafsil)'!$J$5:$J$371,'Hisob (batafsil)'!$B$5:$B$371,$A39,'Hisob (batafsil)'!$C$5:$C$371,"Kafel") -> 0 | T39: =SUMIFS('Hisob (batafsil)'!$J$5:$J$371,'Hisob (batafsil)'!$B$5:$B$371,$A39,'Hisob (batafsil)'!$C$5:$C$371,"Konditsioner va ventilyatsiya") -> 1000 | U39: =SUMIFS('Hisob (batafsil)'!$J$5:$J$371,'Hisob (batafsil)'!$B$5:$B$371,$A39,'Hisob (batafsil)'!$C$5:$C$371,"Mebel va interyer") -> 0 | V39: =SUMIFS('Hisob (batafsil)'!$J$5:$J$371,'Hisob (batafsil)'!$B$5:$B$371,$A39,'Hisob (batafsil)'!$C$5:$C$371,"E'lon va e'tirof doskalari") -> 0 | W39: =SUMIFS('Hisob (batafsil)'!$J$5:$J$371,'Hisob (batafsil)'!$B$5:$B$371,$A39,'Hisob (batafsil)'!$C$5:$C$371,"Eshiklar") -> 0 | X39: =SUMIFS('Hisob (batafsil)'!$J$5:$J$371,'Hisob (batafsil)'!$B$5:$B$371,$A39,'Hisob (batafsil)'!$C$5:$C$371,"Internet va Wi-Fi") -> 0 | Y39: =SUMIFS('Hisob (batafsil)'!$J$5:$J$371,'Hisob (batafsil)'!$B$5:$B$371,$A39,'Hisob (batafsil)'!$C$5:$C$371,"Elektr") -> 0 | Z39: =C39+E39+G39+I39+K39+L39+M39+N39+O39+P39+Q39+R39+S39+T39+U39+V39+W39+X39+Y39 -> 2758.33
A40: Hojatxonalar (3-qavat erkaklar, 2-qavat ayollar) | B40: =SUMIFS('Hisob (batafsil)'!$G$5:$G$371,'Hisob (batafsil)'!$B$5:$B$371,$A40,'Hisob (batafsil)'!$C$5:$C$371,"Shisha devor") -> 0 | C40: =SUMIFS('Hisob (batafsil)'!$J$5:$J$371,'Hisob (batafsil)'!$B$5:$B$371,$A40,'Hisob (batafsil)'!$C$5:$C$371,"Shisha devor") -> 0 | D40: =SUMIFS('Hisob (batafsil)'!$G$5:$G$371,'Hisob (batafsil)'!$B$5:$B$371,$A40,'Hisob (batafsil)'!$C$5:$C$371,"Gips karton (GKL)") -> 19.95 | E40: =SUMIFS('Hisob (batafsil)'!$J$5:$J$371,'Hisob (batafsil)'!$B$5:$B$371,$A40,'Hisob (batafsil)'!$C$5:$C$371,"Gips karton (GKL)") -> 239.4 | F40: =SUMIFS('Hisob (batafsil)'!$G$5:$G$371,'Hisob (batafsil)'!$B$5:$B$371,$A40,'Hisob (batafsil)'!$C$5:$C$371,"Bambuk panel") -> 0 | G40: =SUMIFS('Hisob (batafsil)'!$J$5:$J$371,'Hisob (batafsil)'!$B$5:$B$371,$A40,'Hisob (batafsil)'!$C$5:$C$371,"Bambuk panel") -> 0 | H40: =SUMIFS('Hisob (batafsil)'!$G$5:$G$371,'Hisob (batafsil)'!$B$5:$B$371,$A40,'Hisob (batafsil)'!$C$5:$C$371,"Interaktiv doska") -> 0 | I40: =SUMIFS('Hisob (batafsil)'!$J$5:$J$371,'Hisob (batafsil)'!$B$5:$B$371,$A40,'Hisob (batafsil)'!$C$5:$C$371,"Interaktiv doska") -> 0 | J40: =SUMIFS('Hisob (batafsil)'!$G$5:$G$371,'Hisob (batafsil)'!$B$5:$B$371,$A40,'Hisob (batafsil)'!$C$5:$C$371,"Perila") -> 0 | K40: =SUMIFS('Hisob (batafsil)'!$J$5:$J$371,'Hisob (batafsil)'!$B$5:$B$371,$A40,'Hisob (batafsil)'!$C$5:$C$371,"Perila") -> 0 | L40: =SUMIFS('Hisob (batafsil)'!$J$5:$J$371,'Hisob (batafsil)'!$B$5:$B$371,$A40,'Hisob (batafsil)'!$C$5:$C$371,"Yoritish") -> 0 | M40: =SUMIFS('Hisob (batafsil)'!$J$5:$J$371,'Hisob (batafsil)'!$B$5:$B$371,$A40,'Hisob (batafsil)'!$C$5:$C$371,"Kamera tizimi") -> 0 | N40: =SUMIFS('Hisob (batafsil)'!$J$5:$J$371,'Hisob (batafsil)'!$B$5:$B$371,$A40,'Hisob (batafsil)'!$C$5:$C$371,"Logotip") -> 0 | O40: =SUMIFS('Hisob (batafsil)'!$J$5:$J$371,'Hisob (batafsil)'!$B$5:$B$371,$A40,'Hisob (batafsil)'!$C$5:$C$371,"Matli plyonka") -> 0 | P40: =SUMIFS('Hisob (batafsil)'!$J$5:$J$371,'Hisob (batafsil)'!$B$5:$B$371,$A40,'Hisob (batafsil)'!$C$5:$C$371,"Yong'in xavfsizligi") -> 0 | Q40: =SUMIFS('Hisob (batafsil)'!$J$5:$J$371,'Hisob (batafsil)'!$B$5:$B$371,$A40,'Hisob (batafsil)'!$C$5:$C$371,"Buzish ishlari") -> 0 | R40: =SUMIFS('Hisob (batafsil)'!$J$5:$J$371,'Hisob (batafsil)'!$B$5:$B$371,$A40,'Hisob (batafsil)'!$C$5:$C$371,"Santexnika") -> 3317.6471 | S40: =SUMIFS('Hisob (batafsil)'!$J$5:$J$371,'Hisob (batafsil)'!$B$5:$B$371,$A40,'Hisob (batafsil)'!$C$5:$C$371,"Kafel") -> 1243.6975 | T40: =SUMIFS('Hisob (batafsil)'!$J$5:$J$371,'Hisob (batafsil)'!$B$5:$B$371,$A40,'Hisob (batafsil)'!$C$5:$C$371,"Konditsioner va ventilyatsiya") -> 0 | U40: =SUMIFS('Hisob (batafsil)'!$J$5:$J$371,'Hisob (batafsil)'!$B$5:$B$371,$A40,'Hisob (batafsil)'!$C$5:$C$371,"Mebel va interyer") -> 0 | V40: =SUMIFS('Hisob (batafsil)'!$J$5:$J$371,'Hisob (batafsil)'!$B$5:$B$371,$A40,'Hisob (batafsil)'!$C$5:$C$371,"E'lon va e'tirof doskalari") -> 0 | W40: =SUMIFS('Hisob (batafsil)'!$J$5:$J$371,'Hisob (batafsil)'!$B$5:$B$371,$A40,'Hisob (batafsil)'!$C$5:$C$371,"Eshiklar") -> 0 | X40: =SUMIFS('Hisob (batafsil)'!$J$5:$J$371,'Hisob (batafsil)'!$B$5:$B$371,$A40,'Hisob (batafsil)'!$C$5:$C$371,"Internet va Wi-Fi") -> 0 | Y40: =SUMIFS('Hisob (batafsil)'!$J$5:$J$371,'Hisob (batafsil)'!$B$5:$B$371,$A40,'Hisob (batafsil)'!$C$5:$C$371,"Elektr") -> 0 | Z40: =C40+E40+G40+I40+K40+L40+M40+N40+O40+P40+Q40+R40+S40+T40+U40+V40+W40+X40+Y40 -> 4800.7445
A41: 3-qavat va hojatxonalar — jami | B41: =SUM(B39:B40) -> 0 | C41: =SUM(C39:C40) -> 0 | D41: =SUM(D39:D40) -> 19.95 | E41: =SUM(E39:E40) -> 239.4 | F41: =SUM(F39:F40) -> 46.86 | G41: =SUM(G39:G40) -> 726.33 | H41: =SUM(H39:H40) -> 1 | I41: =SUM(I39:I40) -> 1032 | ... Z41: =SUM(Z39:Z40) -> 7559.0745
A43: JAMI | B43: =B7+B17+B25+B36+B41 -> 140.375 | C43: =C7+C17+C25+C36+C41 -> 7720.625 | D43: =D7+D17+D25+D36+D41 -> 339.78 | E43: =E7+E17+E25+E36+E41 -> 4077.36 | F43: =F7+F17+F25+F36+F41 -> 534.97 | G43: =G7+G17+G25+G36+G41 -> 8292.035 | H43: =H7+H17+H25+H36+H41 -> 8 | I43: =I7+I17+I25+I36+I41 -> 8256 | ... Z43: =Z7+Z17+Z25+Z36+Z41 -> 87217.423
A44: ="Kutilmagan xarajatlar ("&TEXT(Narxlar!$C$132,"0%")&" — «Narxlar» varag'idan)" -> Kutilmagan xarajatlar (10% — «Narxlar» varag'idan) | Z44: =Z43*Narxlar!$C$132 -> 8721.7423
A45: UMUMIY JAMI (kutilmagan xarajatlar bilan), $ | Z45: =Z43+Z44 -> 95939.165
A46: UMUMIY JAMI, so'm (kurs bo'yicha) | Z46: =Z45*Narxlar!$C$58 -> 1.1416761e+09
A48: Tekshiruv: batafsil varaqdagi jami bilan farq (0 bo'lishi kerak) | Z48: =Z43-'Hisob (batafsil)'!J372 -> 0

Sheet Narxlar
A1: PDP Academy · Xadra filiali (1, 2 va 3-qavat): narxlar va o'lchamlar
A2: Sariq kataklardagi narx va balandliklarni o'zgartirsangiz, «Hisob (batafsil)» va «Xonalar bo'yicha» varaqlari avtomatik qayta hisoblanadi.
A4: № | B4: Ko'rsatkich | C4: Qiymat | D4: Birlik | E4: Manba / izoh
A5: 1 | B5: Shisha devor | C5: 55 | D5: $/m² | E5: Buyurtmachi
A6: 2 | B6: Gips karton devor (bir tomoni) | C6: 12 | D6: $/m² | E6: Buyurtmachi; devorning har tomoni alohida hisoblanadi
A7: 3 | B7: Bambuk panel | C7: 15.5 | D7: $/m² | E7: Buyurtmachi
A8: 4 | B8: Interaktiv doska | C8: 1032 | D8: $/dona | E8: Buyurtmachi; 7 ta shu qavat sinflariga + 1 ta yuqori qavatdagi sinfga = 8 ta
A9: 5 | B9: Perila | C9: 84 | D9: $/m | E9: Buyurtmachi
A10: 6 | B10: Perila uzunligi | C10: 24 | D10: m | E10: Buyurtmachi
A11: 7 | B11: Yoritish — koridor va koworking (har biriga) | C11: 336 | D11: $/joy | E11: Buyurtmachi: K1, K2 koridorlari va koworking zali
A12: 8 | B12: Yoritish — xona (har biriga) | C12: 168 | D12: $/xona | E12: Buyurtmachi: 7 ta o'quv xonasi, 4 ta ofis xonasi va CEO xonasi
A13: 9 | B13: Videokamera | C13: 40 | D13: $/dona | E13: Buyurtmachi
A14: 10 | B14: Videokameralar soni | C14: 24 | D14: dona | E14: Buyurtmachi (18.10): joylari belgilandi — 2-qavat 20, 3-qavat 3, 1-qavat 1 (Xadra_tizim_kamera)
A15: 11 | B15: Kamera o'rnatish (har biri) | C15: 21 | D15: $/dona | E15: Buyurtmachi
A16: 12 | B16: NVR (videoregistrator) | C16: 840 | D16: $/dona | E16: Buyurtmachi; 24 kamera uchun 32 kanalli NVR kerak — narxi 16 kanalliki bo'lsa, almashtiring
A17: 13 | B17: Kamera kabellari (jami, 16 kamera uchun) | C17: 303 | D17: $/komplekt | E17: Buyurtmachi: jami summa
A18: 14 | B18: Kamera kabellari — kamera soniga mutanosib | C18: =C14/16 -> 1.5 | D18: komplekt | E18: Hisob: buyurtmachi summasi 16 kamera uchun; chizma bo'yicha Cat6 ~622 m (24 kamera)
A19: 15 | B19: PoE switch 24 port (kameralar uchun, ≥ 370 W) | C19: 280 | D19: $/dona | E19: TAXMIN — Toshkent bozori
A20: 16 | B20: Tarmoq shkafi 18U, pol, 600 × 600 (PDU, polka, organayzer bilan) — NVR, router, switch | C20: 220 | D20: $/dona | E20: TAXMIN
A21: 17 | B21: UPS 1.5 kVA (tarmoq shkafi uchun) | C21: 180 | D21: $/dona | E21: TAXMIN
A22: 18 | B22: Router (2 WAN, ≥ 1 Gbit/s) | C22: 200 | D22: $/dona | E22: TAXMIN
A23: 19 | B23: Switch 48 port, gigabit (8 tasi PoE+ — Wi-Fi uchun) | C23: 350 | D23: $/dona | E23: TAXMIN
A24: 20 | B24: Patch-panel 24 port Cat6 (patch-kordlar bilan) | C24: 60 | D24: $/dona | E24: TAXMIN
A25: 21 | B25: Patch-panellar soni | C25: 3 | D25: dona | E25: Internet 2 (32 + 6 port), kamera 1
A26: 22 | B26: RJ-45 rozetka, 2 portli, Cat6 (podrozetnik va ramka bilan) | C26: 120000 | D26: so'm/dona | E26: TAXMIN — Toshkent bozori
A27: 23 | B27: RJ-45 rozetkalar soni (poldan 30 sm) | C27: 16 | D27: dona | E27: Buyurtmachi (18.10): 2-qavat 14, 3-qavat 1, 1-qavat 1
A28: 24 | B28: Wi-Fi nuqtasi — shiftga, PoE, Wi-Fi 6 | C28: 130 | D28: $/dona | E28: TAXMIN
A29: 25 | B29: Wi-Fi nuqtalari soni | C29: 6 | D29: dona | E29: Buyurtmachi (18.10): 2-qavat 5, 3-qavat 1
A30: 26 | B30: Cat6 U/UTP LSZH kabeli | C30: 6000 | D30: so'm/m | E30: TAXMIN — Toshkent (305 m quti ~1.8 mln so'm)
... A134: 130 | B134: Shisha qism balandligi | C134: 2.5 | D134: m | E134: Buyurtmachi
A135: 131 | B135: Shisha ustidagi GKL | C135: =C133-C134 -> 1 | D135: m | E135: Hisob: devor balandligi − shisha
A136: 132 | B136: Eshik balandligi | C136: 2.1 | D136: m | E136: Eshik 1000 × 2100
A137: 133 | B137: Eshik ustidagi GKL | C137: =C133-C136 -> 1.4 | D137: m | E137: Hisob: devor balandligi − eshik
A138: 134 | B138: Eshik eni — koridor eshiklari | C138: 1 | D138: m | E138: Founder (16.10): 1 m, suriladigan
A139: 135 | B139: Eshik eni — CEO xonasi va 3-qavat o'quv xonasi | C139: 0.9 | D139: m | E139: Chizmadan (mavjud eshiklar)
A140: 136 | B140: Bambuk panel balandligi | C140: =C133 -> 3.5 | D140: m | E140: Taxmin: poldan shiftgacha. Pastroq bo'lsa, shu katakka raqam yozing
A141: 137 | B141: Bambuk panel balandligi — yuqori qavat o'quv xonasi | C141: 2.5 | D141: m | E141: Buyurtmachi
B143: Hisoblash qoidalari
B144: • Gips karton (GKL) devor: uzunlik × balandlik. Devorning har bir tomoni o'zi qaragan xonaga yoziladi (xona tomoni — xonaga, koridor tomoni — koridorga).
B145: • Shisha devor: shisha qism (2.5 m) xonaga yoziladi; ustidagi GKL (1 m) ikki tomonlama — xona va koridor tomoni alohida.
B146: • Koridor eshiklari (11 ta) shisha, 1 m, yonga suriladigan (founder, 16.10; barg xona ichida): eshik (2.1 m) va ustidagi shisha (0.4 m) — 2.5 m gacha shisha narxida; ustida 1 m GKL ikki tomondan; mexanizm (rels, roliklar, soft-close, tutqichlar) — «Eshiklar». Kladovka eshiklari (2 ta, 800 × 2100) — «Eshiklar», kladovka qatorlarida. Qulflar kirmagan.
B147: • Bambuk panel, poldan shiftgacha: o'quv xonalarida doska devori va orqa devor (interaktiv doska orqasi ayirilmagan); ofis xonalarida ikkala uzun yon devor; CEO xonasida ikkita ichki kar devor, eshik o'rni ayiriladi. Derazali tashqi va shisha devorlarga qilinmaydi.
B148: • Yuqori qavat o'quv xonasi (5.45 × 8.60 m, buyurtmachi chizmasi): bambuk panel 3 devorga, 2.5 m balandlikda — doska devori, orqa devor va eshikli uzun devor (eshik o'rni ayiriladi); derazali uzun devorga qilinmaydi.
B149: • Interaktiv doska: 7 ta shu qavat sinflariga va 1 ta yuqori qavatdagi o'quv xonasiga — jami 8 ta.
B150: • Perila: buyurtmachi bergan uzunlik (24 m), «Zinapoya» qatorida.
B151: • Uzunliklar chizma v1.2 dan (mavjud holat chizmasining fotosi asosida) — ish boshlanishidan oldin joyida o'lchanadi.
B152: • Yoritish: koridorlar (K1, K2) va koworking zaliga 336 $ dan, o'quv xonalari (7), ofis xonalari (4) va CEO xonasiga 168 $ dan. Kirish zali, WC va yuqori qavat xonasi kiritilmagan.
B153: • Videokuzatuv (18.10, Xadra_tizim_kamera): 24 ta kamera (40 $) va o'rnatish (21 $ dan), NVR, kabellar (buyurtmachi summasi kamera soniga mutanosib), PoE switch, tarmoq shkafi va UPS (TAXMIN); logotiplar jami — «Butun qavat» qatorida.
B154: • Internet va Wi-Fi (18.10, Xadra_tizim_internet): 16 ta 2 portli RJ-45, 6 ta Wi-Fi nuqtasi, router, switch, patch-panellar, Cat6 va lotok — chizmadagi miqdor, Toshkent taxminiy narxi. Elektr (Xadra_tizim_elektr): kabellar (3×2.5, 3×1.5, 5×4), lotok, gofra, rozetka, vyklyuchatel, avtomatlar, montaj — xuddi shunday; chiroqlar — buyurtmachi narxi («Yoritish»). Yong'in — buyurtmachi summasi (miqdorlar chizmada).
... B164: Ranglar: ko'k — qo'lda kiritilgan qiymat; yashil — boshqa varaqdan olingan; qora — formula; sariq fon — o'zgartirish mumkin bo'lgan kataklar.

Sheet Hisob (batafsil)
A1: PDP Academy · Xadra filiali (1, 2 va 3-qavat): xarajatlar hisobi, xonalar bo'yicha batafsil
A2: Uzunliklar chizmadan (m). Balandlik va narx «Narxlar» varag'idan olinadi (yashil). Miqdor = uzunlik × balandlik; summa = miqdor × narx.
A4: № | B4: Xona | C4: Ish turi | D4: Joyi / izoh | E4: Uzunlik, m | F4: Balandlik, m | G4: Miqdor | H4: Birlik | I4: Narx, $ | J4: Summa, $ | K4: Kalit (narx)
A5: 1-qavat — kirish zali (resepshn, turniket)
A6: 1 | B6: 1-qavat — kirish zali (resepshn, turniket) | C6: Logotip | D6: Resepshn orqasidagi o'ng devorda yorituvchi logotip | G6: 1 | H6: dona | I6: =Narxlar!$C$116 -> 500 | J6: =G6*I6 -> 500 | K6: logoDevor1
A7: 2 | B7: 1-qavat — kirish zali (resepshn, turniket) | C7: Logotip | D7: Resepshn stoykasining zal tomonidagi panelidagi logotip | G7: 1 | H7: dona | I7: =Narxlar!$C$117 -> 250 | J7: =G7*I7 -> 250 | K7: logoStol1
A8: 3 | B8: 1-qavat — kirish zali (resepshn, turniket) | C8: Mebel va interyer | D8: Resepshn stoykasi (buyurtma asosida) | G8: 1 | H8: dona | I8: =Narxlar!$C$114 -> 1500 | J8: =G8*I8 -> 1500 | K8: resepshn
A9: 4 | B9: 1-qavat — kirish zali (resepshn, turniket) | C9: Mebel va interyer | D9: Resepshn to'siq panellari va xodim eshikchasi (L shaklida) | G9: 1 | H9: komplekt | I9: =Narxlar!$C$115 -> 500 | J9: =G9*I9 -> 500 | K9: resepshnPanel
A10: 5 | B10: 1-qavat — kirish zali (resepshn, turniket) | C10: Mebel va interyer | D10: Resepshn xodimi kreslosi | G10: 1 | H10: dona | I10: =Narxlar!$C$105 -> 130 | J10: =G10*I10 -> 130 | K10: kreslo
A11: 6 | B11: 1-qavat — kirish zali (resepshn, turniket) | C11: Mebel va interyer | D11: Mehmonlar divani | G11: 1 | H11: dona | I11: =Narxlar!$C$107 -> 450 | J11: =G11*I11 -> 450 | K11: divan
A12: 7 | B12: 1-qavat — kirish zali (resepshn, turniket) | C12: Mebel va interyer | D12: Jurnal stolchasi | G12: 1 | H12: dona | I12: =Narxlar!$C$109 -> 100 | J12: =G12*I12 -> 100 | K12: stolcha
D13: Jami: 1-qavat — kirish zali (resepshn, turniket) | J13: =SUM(J6:J12) -> 3430
A15: 1-xona
A16: 8 | B16: 1-xona | C16: Shisha devor | D16: Shisha devor (K1 koridori tomoni) | E16: 4.5 | F16: =Narxlar!$C$134 -> 2.5 | G16: =E16*F16 -> 11.25 | H16: m² | I16: =Narxlar!$C$5 -> 55 | J16: =G16*I16 -> 618.75 | K16: shisha
A17: 9 | B17: 1-xona | C17: Shisha devor | D17: Shisha eshik va ustidagi shisha (K1 koridori tomoni) | E17: =Narxlar!$C$138 -> 1 | F17: =Narxlar!$C$134 -> 2.5 | G17: =E17*F17 -> 2.5 | H17: m² | I17: =Narxlar!$C$5 -> 55 | J17: =G17*I17 -> 137.5 | K17: shisha
A18: 10 | B18: 1-xona | C18: Gips karton (GKL) | D18: Koworking zali bilan orasidagi devor — mavjud devordagi bo'shliqni yopish | E18: 0.3 | F18: =Narxlar!$C$133 -> 3.5 | G18: =E18*F18 -> 1.05 | H18: m² | I18: =Narxlar!$C$6 -> 12 | J18: =G18*I18 -> 12.6 | K18: gkl
A19: 11 | B19: 1-xona | C19: Gips karton (GKL) | D19: Shisha ustidagi GKL (K1 koridori bilan orasida) | E19: 4.5 | F19: =Narxlar!$C$135 -> 1 | G19: =E19*F19 -> 4.5 | H19: m² | I19: =Narxlar!$C$6 -> 12 | J19: =G19*I19 -> 54 | K19: gkl
A20: 12 | B20: 1-xona | C20: Gips karton (GKL) | D20: Eshik yonidagi kesak (K1 koridori tomoni) | E20: 0.2 | F20: =Narxlar!$C$133 -> 3.5 | G20: =E20*F20 -> 0.7 | H20: m² | I20: =Narxlar!$C$6 -> 12 | J20: =G20*I20 -> 8.4 | K20: gkl
A21: 13 | B21: 1-xona | C21: Gips karton (GKL) | D21: Eshik ustidagi GKL (K1 koridori bilan orasida) | E21: =Narxlar!$C$138 -> 1 | F21: =Narxlar!$C$135 -> 1 | G21: =E21*F21 -> 1 | H21: m² | I21: =Narxlar!$C$6 -> 12 | J21: =G21*I21 -> 12 | K21: gkl
A22: 14 | B22: 1-xona | C22: Bambuk panel | D22: Doska devori | E22: 7.7 | F22: =Narxlar!$C$140 -> 3.5 | G22: =E22*F22 -> 26.95 | H22: m² | I22: =Narxlar!$C$7 -> 15.5 | J22: =G22*I22 -> 417.725 | K22: bambuk
A23: 15 | B23: 1-xona | C23: Bambuk panel | D23: Orqa devor | E23: 7.7 | F23: =Narxlar!$C$140 -> 3.5 | G23: =E23*F23 -> 26.95 | H23: m² | I23: =Narxlar!$C$7 -> 15.5 | J23: =G23*I23 -> 417.725 | K23: bambuk
A24: 16 | B24: 1-xona | C24: Interaktiv doska | D24: Doska devoriga | G24: 1 | H24: dona | I24: =Narxlar!$C$8 -> 1032 | J24: =G24*I24 -> 1032 | K24: doska
A25: 17 | B25: 1-xona | C25: Yoritish | D25: Lampalar (xona uchun) | G25: 1 | H25: komplekt | I25: =Narxlar!$C$12 -> 168 | J25: =G25*I25 -> 168 | K25: yorXona
A26: 18 | B26: 1-xona | C26: Eshiklar | D26: Suriladigan eshik mexanizmi (rels, roliklar, soft-close, tutqichlar) | G26: 1 | H26: dona | I26: =Narxlar!$C$101 -> 150 | J26: =G26*I26 -> 150 | K26: surmaMex
D27: Jami: 1-xona | J27: =SUM(J16:J26) -> 3028.7
A29: 2-xona
A30: 19 | B30: 2-xona | C30: Shisha devor | D30: Shisha devor (K1 koridori tomoni) | E30: 4.6 | F30: =Narxlar!$C$134 -> 2.5 | G30: =E30*F30 -> 11.5 | H30: m² | I30: =Narxlar!$C$5 -> 55 | J30: =G30*I30 -> 632.5 | K30: shisha
A31: 20 | B31: 2-xona | C31: Shisha devor | D31: Shisha eshik va ustidagi shisha (K1 koridori tomoni) | E31: =Narxlar!$C$138 -> 1 | F31: =Narxlar!$C$134 -> 2.5 | G31: =E31*F31 -> 2.5 | H31: m² | I31: =Narxlar!$C$5 -> 55 | J31: =G31*I31 -> 137.5 | K31: shisha
A32: 21 | B32: 2-xona | C32: Gips karton (GKL) | D32: Shisha ustidagi GKL (K1 koridori bilan orasida) | E32: 4.6 | F32: =Narxlar!$C$135 -> 1 | G32: =E32*F32 -> 4.6 | H32: m² | I32: =Narxlar!$C$6 -> 12 | J32: =G32*I32 -> 55.2 | K32: gkl
A33: 22 | B33: 2-xona | C33: Gips karton (GKL) | D33: Eshik yonidagi kesak (K1 koridori tomoni) | E33: 0.2 | F33: =Narxlar!$C$133 -> 3.5 | G33: =E33*F33 -> 0.7 | H33: m² | I33: =Narxlar!$C$6 -> 12 | J33: =G33*I33 -> 8.4 | K33: gkl
A34: 23 | B34: 2-xona | C34: Gips karton (GKL) | D34: Eshik ustidagi GKL (K1 koridori bilan orasida) | E34: =Narxlar!$C$138 -> 1 | F34: =Narxlar!$C$135 -> 1 | G34: =E34*F34 -> 1 | H34: m² | I34: =Narxlar!$C$6 -> 12 | J34: =G34*I34 -> 12 | K34: gkl
A35: 24 | B35: 2-xona | C35: Bambuk panel | D35: Doska devori | E35: 7.7 | F35: =Narxlar!$C$140 -> 3.5 | G35: =E35*F35 -> 26.95 | H35: m² | I35: =Narxlar!$C$7 -> 15.5 | J35: =G35*I35 -> 417.725 | K35: bambuk
A36: 25 | B36: 2-xona | C36: Bambuk panel | D36: Orqa devor | E36: 7.7 | F36: =Narxlar!$C$140 -> 3.5 | G36: =E36*F36 -> 26.95 | H36: m² | I36: =Narxlar!$C$7 -> 15.5 | J36: =G36*I36 -> 417.725 | K36: bambuk
A37: 26 | B37: 2-xona | C37: Interaktiv doska | D37: Doska devoriga | G37: 1 | H37: dona | I37: =Narxlar!$C$8 -> 1032 | J37: =G37*I37 -> 1032 | K37: doska
A38: 27 | B38: 2-xona | C38: Yoritish | D38: Lampalar (xona uchun) | G38: 1 | H38: komplekt | I38: =Narxlar!$C$12 -> 168 | J38: =G38*I38 -> 168 | K38: yorXona
A39: 28 | B39: 2-xona | C39: Eshiklar | D39: Suriladigan eshik mexanizmi (rels, roliklar, soft-close, tutqichlar) | G39: 1 | H39: dona | I39: =Narxlar!$C$101 -> 150 | J39: =G39*I39 -> 150 | K39: surmaMex
D40: Jami: 2-xona | J40: =SUM(J30:J39) -> 3031.05
A42: 3-xona
A43: 29 | B43: 3-xona | C43: Shisha devor | D43: Shisha devor (K1 koridori tomoni) | E43: 1.7 | F43: =Narxlar!$C$134 -> 2.5 | G43: =E43*F43 -> 4.25 | H43: m² | I43: =Narxlar!$C$5 -> 55 | J43: =G43*I43 -> 233.75 | K43: shisha
A44: 30 | B44: 3-xona | C44: Shisha devor | D44: Shisha eshik va ustidagi shisha (K1 koridori tomoni) | E44: =Narxlar!$C$138 -> 1 | F44: =Narxlar!$C$134 -> 2.5 | G44: =E44*F44 -> 2.5 | H44: m² | I44: =Narxlar!$C$5 -> 55 | J44: =G44*I44 -> 137.5 | K44: shisha
A45: 31 | B45: 3-xona | C45: Gips karton (GKL) | D45: Eshik yonidagi kesak (K1 koridori tomoni) | E45: 0.15 | F45: =Narxlar!$C$133 -> 3.5 | G45: =E45*F45 -> 0.525 | H45: m² | I45: =Narxlar!$C$6 -> 12 | J45: =G45*I45 -> 6.3 | K45: gkl
A46: 32 | B46: 3-xona | C46: Gips karton (GKL) | D46: Shisha ustidagi GKL (K1 koridori bilan orasida) | E46: 1.7 | F46: =Narxlar!$C$135 -> 1 | G46: =E46*F46 -> 1.7 | H46: m² | I46: =Narxlar!$C$6 -> 12 | J46: =G46*I46 -> 20.4 | K46: gkl
A47: 33 | B47: 3-xona | C47: Gips karton (GKL) | D47: Kladovka (K1 oxiri) bilan orasidagi devor — mavjud devordagi bo'shliqni yopish | E47: 2.9 | F47: =Narxlar!$C$133 -> 3.5 | G47: =E47*F47 -> 10.15 | H47: m² | I47: =Narxlar!$C$6 -> 12 | J47: =G47*I47 -> 121.8 | K47: gkl
A48: 34 | B48: 3-xona | C48: Gips karton (GKL) | D48: Eshik ustidagi GKL (K1 koridori bilan orasida) | E48: =Narxlar!$C$138 -> 1 | F48: =Narxlar!$C$135 -> 1 | G48: =E48*F48 -> 1 | H48: m² | I48: =Narxlar!$C$6 -> 12 | J48: =G48*I48 -> 12 | K48: gkl
A49: 35 | B49: 3-xona | C49: Gips karton (GKL) | D49: Tashqi havo kanali qutisi — sharqiy devor bo'ylab, shift ostida (yoyilmasi 1.125 m) | E49: 7.7 | G49: 8.66 | H49: m² | I49: =Narxlar!$C$6 -> 12 | J49: =G49*I49 -> 103.92 | K49: gkl
A50: 36 | B50: 3-xona | C50: Bambuk panel | D50: Doska devori | E50: 7.7 | F50: =Narxlar!$C$140 -> 3.5 | G50: =E50*F50 -> 26.95 | H50: m² | I50: =Narxlar!$C$7 -> 15.5 | J50: =G50*I50 -> 417.725 | K50: bambuk
A51: 37 | B51: 3-xona | C51: Bambuk panel | D51: Orqa devor | E51: 7.7 | F51: =Narxlar!$C$140 -> 3.5 | G51: =E51*F51 -> 26.95 | H51: m² | I51: =Narxlar!$C$7 -> 15.5 | J51: =G51*I51 -> 417.725 | K51: bambuk
A52: 38 | B52: 3-xona | C52: Interaktiv doska | D52: Doska devoriga | G52: 1 | H52: dona | I52: =Narxlar!$C$8 -> 1032 | J52: =G52*I52 -> 1032 | K52: doska
A53: 39 | B53: 3-xona | C53: Yoritish | D53: Lampalar (xona uchun) | G53: 1 | H53: komplekt | I53: =Narxlar!$C$12 -> 168 | J53: =G53*I53 -> 168 | K53: yorXona
A54: 40 | B54: 3-xona | C54: Eshiklar | D54: Suriladigan eshik mexanizmi (rels, roliklar, soft-close, tutqichlar) | G54: 1 | H54: dona | I54: =Narxlar!$C$101 -> 150 | J54: =G54*I54 -> 150 | K54: surmaMex
D55: Jami: 3-xona | J55: =SUM(J43:J54) -> 2821.12
A57: 4-xona
A58: 41 | B58: 4-xona | C58: Shisha devor | D58: Shisha devor (K1 koridori tomoni) | E58: 2.85 | F58: =Narxlar!$C$134 -> 2.5 | G58: =E58*F58 -> 7.125 | H58: m² | I58: =Narxlar!$C$5 -> 55 | J58: =G58*I58 -> 391.875 | K58: shisha
A59: 42 | B59: 4-xona | C59: Shisha devor | D59: Shisha devor (K2 koridori tomoni) | E59: 1.75 | F59: =Narxlar!$C$134 -> 2.5 | G59: =E59*F59 -> 4.375 | H59: m² | I59: =Narxlar!$C$5 -> 55 | J59: =G59*I59 -> 240.625 | K59: shisha
A60: 43 | B60: 4-xona | C60: Shisha devor | D60: Shisha eshik va ustidagi shisha (K2 koridori tomoni) | E60: =Narxlar!$C$138 -> 1 | F60: =Narxlar!$C$134 -> 2.5 | G60: =E60*F60 -> 2.5 | H60: m² | I60: =Narxlar!$C$5 -> 55 | J60: =G60*I60 -> 137.5 | K60: shisha
A61: 44 | B61: 4-xona | C61: Gips karton (GKL) | D61: Ustozlar xonasi (XZ3) bilan orasidagi devor — mavjud devordagi bo'shliqni yopish | E61: 1 | F61: =Narxlar!$C$133 -> 3.5 | G61: =E61*F61 -> 3.5 | H61: m² | I61: =Narxlar!$C$6 -> 12 | J61: =G61*I61 -> 42 | K61: gkl
A62: 45 | B62: 4-xona | C62: Gips karton (GKL) | D62: Shisha ustidagi GKL (K1 koridori bilan orasida) | E62: 2.85 | F62: =Narxlar!$C$135 -> 1 | G62: =E62*F62 -> 2.85 | H62: m² | I62: =Narxlar!$C$6 -> 12 | J62: =G62*I62 -> 34.2 | K62: gkl
A63: 46 | B63: 4-xona | C63: Gips karton (GKL) | D63: Kladovka (K1 oxiri) bilan orasidagi devor — mavjud devordagi bo'shliqni yopish | E63: 2.9 | F63: =Narxlar!$C$133 -> 3.5 | G63: =E63*F63 -> 10.15 | H63: m² | I63: =Narxlar!$C$6 -> 12 | J63: =G63*I63 -> 121.8 | K63: gkl
A64: 47 | B64: 4-xona | C64: Gips karton (GKL) | D64: Eshik yonidagi kesak (K2 koridori tomoni) | E64: 0.1 | F64: =Narxlar!$C$133 -> 3.5 | G64: =E64*F64 -> 0.35 | H64: m² | I64: =Narxlar!$C$6 -> 12 | J64: =G64*I64 -> 4.2 | K64: gkl
A65: 48 | B65: 4-xona | C65: Gips karton (GKL) | D65: Shisha ustidagi GKL (K2 koridori bilan orasida) | E65: 1.75 | F65: =Narxlar!$C$135 -> 1 | G65: =E65*F65 -> 1.75 | H65: m² | I65: =Narxlar!$C$6 -> 12 | J65: =G65*I65 -> 21 | K65: gkl
A66: 49 | B66: 4-xona | C66: Gips karton (GKL) | D66: Kladovka (K2 oxiri) bilan orasidagi devor — mavjud devordagi bo'shliqni yopish | E66: 2.9 | F66: =Narxlar!$C$133 -> 3.5 | G66: =E66*F66 -> 10.15 | H66: m² | I66: =Narxlar!$C$6 -> 12 | J66: =G66*I66 -> 121.8 | K66: gkl
A67: 50 | B67: 4-xona | C67: Gips karton (GKL) | D67: Eshik ustidagi GKL (K2 koridori bilan orasida) | E67: =Narxlar!$C$138 -> 1 | F67: =Narxlar!$C$135 -> 1 | G67: =E67*F67 -> 1 | H67: m² | I67: =Narxlar!$C$6 -> 12 | J67: =G67*I67 -> 12 | K67: gkl
A68: 51 | B68: 4-xona | C68: Gips karton (GKL) | D68: Tashqi havo kanali qutisi — sharqiy devor bo'ylab, shift ostida (yoyilmasi 1.075 m) | E68: 5.6 | G68: 6.02 | H68: m² | I68: =Narxlar!$C$6 -> 12 | J68: =G68*I68 -> 72.24 | K68: gkl
A69: 52 | B69: 4-xona | C69: Bambuk panel | D69: Doska devori | E69: 5.6 | F69: =Narxlar!$C$140 -> 3.5 | G69: =E69*F69 -> 19.6 | H69: m² | I69: =Narxlar!$C$7 -> 15.5 | J69: =G69*I69 -> 303.8 | K69: bambuk
A70: 53 | B70: 4-xona | C70: Bambuk panel | D70: Orqa devor | E70: 5.6 | F70: =Narxlar!$C$140 -> 3.5 | G70: =E70*F70 -> 19.6 | H70: m² | I70: =Narxlar!$C$7 -> 15.5 | J70: =G70*I70 -> 303.8 | K70: bambuk
A71: 54 | B71: 4-xona | C71: Interaktiv doska | D71: Doska devoriga | G71: 1 | H71: dona | I71: =Narxlar!$C$8 -> 1032 | J71: =G71*I71 -> 1032 | K71: doska
A72: 55 | B72: 4-xona | C72: Yoritish | D72: Lampalar (xona uchun) | G72: 1 | H72: komplekt | I72: =Narxlar!$C$12 -> 168 | J72: =G72*I72 -> 168 | K72: yorXona
A73: 56 | B73: 4-xona | C73: Eshiklar | D73: Suriladigan eshik mexanizmi (rels, roliklar, soft-close, tutqichlar) | G73: 1 | H73: dona | I73: =Narxlar!$C$101 -> 150 | J73: =G73*I73 -> 150 | K73: surmaMex
D74: Jami: 4-xona | J74: =SUM(J58:J73) -> 3156.84
A76: 5-xona
A77: 57 | B77: 5-xona | C77: Shisha devor | D77: Shisha devor (K2 koridori tomoni) | E77: 1.7 | F77: =Narxlar!$C$134 -> 2.5 | G77: =E77*F77 -> 4.25 | H77: m² | I77: =Narxlar!$C$5 -> 55 | J77: =G77*I77 -> 233.75 | K77: shisha
A78: 58 | B78: 5-xona | C78: Shisha devor | D78: Shisha eshik va ustidagi shisha (K2 koridori tomoni) | E78: =Narxlar!$C$138 -> 1 | F78: =Narxlar!$C$134 -> 2.5 | G78: =E78*F78 -> 2.5 | H78: m² | I78: =Narxlar!$C$5 -> 55 | J78: =G78*I78 -> 137.5 | K78: shisha
A79: 59 | B79: 5-xona | C79: Gips karton (GKL) | D79: 6-xona bilan orasidagi devor — mavjud devordagi bo'shliqni yopish | E79: 2.75 | F79: =Narxlar!$C$133 -> 3.5 | G79: =E79*F79 -> 9.625 | H79: m² | I79: =Narxlar!$C$6 -> 12 | J79: =G79*I79 -> 115.5 | K79: gkl
A80: 60 | B80: 5-xona | C80: Gips karton (GKL) | D80: Eshik yonidagi kesak (K2 koridori tomoni) | E80: 0.15 | F80: =Narxlar!$C$133 -> 3.5 | G80: =E80*F80 -> 0.525 | H80: m² | I80: =Narxlar!$C$6 -> 12 | J80: =G80*I80 -> 6.3 | K80: gkl
A81: 61 | B81: 5-xona | C81: Gips karton (GKL) | D81: Shisha ustidagi GKL (K2 koridori bilan orasida) | E81: 1.7 | F81: =Narxlar!$C$135 -> 1 | G81: =E81*F81 -> 1.7 | H81: m² | I81: =Narxlar!$C$6 -> 12 | J81: =G81*I81 -> 20.4 | K81: gkl
A82: 62 | B82: 5-xona | C82: Gips karton (GKL) | D82: Kladovka (K2 oxiri) bilan orasidagi devor — mavjud devordagi bo'shliqni yopish | E82: 2.9 | F82: =Narxlar!$C$133 -> 3.5 | G82: =E82*F82 -> 10.15 | H82: m² | I82: =Narxlar!$C$6 -> 12 | J82: =G82*I82 -> 121.8 | K82: gkl
A83: 63 | B83: 5-xona | C83: Gips karton (GKL) | D83: Eshik ustidagi GKL (K2 koridori bilan orasida) | E83: =Narxlar!$C$138 -> 1 | F83: =Narxlar!$C$135 -> 1 | G83: =E83*F83 -> 1 | H83: m² | I83: =Narxlar!$C$6 -> 12 | J83: =G83*I83 -> 12 | K83: gkl
A84: 64 | B84: 5-xona | C84: Bambuk panel | D84: Doska devori | E84: 7.7 | F84: =Narxlar!$C$140 -> 3.5 | G84: =E84*F84 -> 26.95 | H84: m² | I84: =Narxlar!$C$7 -> 15.5 | J84: =G84*I84 -> 417.725 | K84: bambuk
A85: 65 | B85: 5-xona | C85: Bambuk panel | D85: Orqa devor | E85: 7.7 | F85: =Narxlar!$C$140 -> 3.5 | G85: =E85*F85 -> 26.95 | H85: m² | I85: =Narxlar!$C$7 -> 15.5 | J85: =G85*I85 -> 417.725 | K85: bambuk
A86: 66 | B86: 5-xona | C86: Interaktiv doska | D86: Doska devoriga | G86: 1 | H86: dona | I86: =Narxlar!$C$8 -> 1032 | J86: =G86*I86 -> 1032 | K86: doska
A87: 67 | B87: 5-xona | C87: Yoritish | D87: Lampalar (xona uchun) | G87: 1 | H87: komplekt | I87: =Narxlar!$C$12 -> 168 | J87: =G87*I87 -> 168 | K87: yorXona
A88: 68 | B88: 5-xona | C88: Eshiklar | D88: Suriladigan eshik mexanizmi (rels, roliklar, soft-close, tutqichlar) | G88: 1 | H88: dona | I88: =Narxlar!$C$101 -> 150 | J88: =G88*I88 -> 150 | K88: surmaMex
D89: Jami: 5-xona | J89: =SUM(J77:J88) -> 2832.7
A91: 6-xona
A92: 69 | B92: 6-xona | C92: Shisha devor | D92: Shisha devor (K2 koridori tomoni) | E92: 4.6 | F92: =Narxlar!$C$134 -> 2.5 | G92: =E92*F92 -> 11.5 | H92: m² | I92: =Narxlar!$C$5 -> 55 | J92: =G92*I92 -> 632.5 | K92: shisha
A93: 70 | B93: 6-xona | C93: Shisha devor | D93: Shisha eshik va ustidagi shisha (K2 koridori tomoni) | E93: =Narxlar!$C$138 -> 1 | F93: =Narxlar!$C$134 -> 2.5 | G93: =E93*F93 -> 2.5 | H93: m² | I93: =Narxlar!$C$5 -> 55 | J93: =G93*I93 -> 137.5 | K93: shisha
A94: 71 | B94: 6-xona | C94: Gips karton (GKL) | D94: 7-xona bilan orasidagi devor — mavjud devordagi bo'shliqni yopish | E94: 2.75 | F94: =Narxlar!$C$133 -> 3.5 | G94: =E94*F94 -> 9.625 | H94: m² | I94: =Narxlar!$C$6 -> 12 | J94: =G94*I94 -> 115.5 | K94: gkl
A95: 72 | B95: 6-xona | C95: Gips karton (GKL) | D95: 5-xona bilan orasidagi devor — mavjud devordagi bo'shliqni yopish | E95: 2.75 | F95: =Narxlar!$C$133 -> 3.5 | G95: =E95*F95 -> 9.625 | H95: m² | I95: =Narxlar!$C$6 -> 12 | J95: =G95*I95 -> 115.5 | K95: gkl
A96: 73 | B96: 6-xona | C96: Gips karton (GKL) | D96: Eshik yonidagi kesak (K2 koridori tomoni) | E96: 0.2 | F96: =Narxlar!$C$133 -> 3.5 | G96: =E96*F96 -> 0.7 | H96: m² | I96: =Narxlar!$C$6 -> 12 | J96: =G96*I96 -> 8.4 | K96: gkl
A97: 74 | B97: 6-xona | C97: Gips karton (GKL) | D97: Shisha ustidagi GKL (K2 koridori bilan orasida) | E97: 4.6 | F97: =Narxlar!$C$135 -> 1 | G97: =E97*F97 -> 4.6 | H97: m² | I97: =Narxlar!$C$6 -> 12 | J97: =G97*I97 -> 55.2 | K97: gkl
A98: 75 | B98: 6-xona | C98: Gips karton (GKL) | D98: Eshik ustidagi GKL (K2 koridori bilan orasida) | E98: =Narxlar!$C$138 -> 1 | F98: =Narxlar!$C$135 -> 1 | G98: =E98*F98 -> 1 | H98: m² | I98: =Narxlar!$C$6 -> 12 | J98: =G98*I98 -> 12 | K98: gkl
A99: 76 | B99: 6-xona | C99: Bambuk panel | D99: Doska devori | E99: 7.7 | F99: =Narxlar!$C$140 -> 3.5 | G99: =E99*F99 -> 26.95 | H99: m² | I99: =Narxlar!$C$7 -> 15.5 | J99: =G99*I99 -> 417.725 | K99: bambuk
A100: 77 | B100: 6-xona | C100: Bambuk panel | D100: Orqa devor | E100: 7.7 | F100: =Narxlar!$C$140 -> 3.5 | G100: =E100*F100 -> 26.95 | H100: m² | I100: =Narxlar!$C$7 -> 15.5 | J100: =G100*I100 -> 417.725 | K100: bambuk
A101: 78 | B101: 6-xona | C101: Interaktiv doska | D101: Doska devoriga | G101: 1 | H101: dona | I101: =Narxlar!$C$8 -> 1032 | J101: =G101*I101 -> 1032 | K101: doska
A102: 79 | B102: 6-xona | C102: Yoritish | D102: Lampalar (xona uchun) | G102: 1 | H102: komplekt | I102: =Narxlar!$C$12 -> 168 | J102: =G102*I102 -> 168 | K102: yorXona
A103: 80 | B103: 6-xona | C103: Eshiklar | D103: Suriladigan eshik mexanizmi (rels, roliklar, soft-close, tutqichlar) | G103: 1 | H103: dona | I103: =Narxlar!$C$101 -> 150 | J103: =G103*I103 -> 150 | K103: surmaMex
D104: Jami: 6-xona | J104: =SUM(J92:J103) -> 3262.05
A106: 7-xona
A107: 81 | B107: 7-xona | C107: Shisha devor | D107: Shisha devor (K2 koridori tomoni) | E107: 4.6 | F107: =Narxlar!$C$134 -> 2.5 | G107: =E107*F107 -> 11.5 | H107: m² | I107: =Narxlar!$C$5 -> 55 | J107: =G107*I107 -> 632.5 | K107: shisha
A108: 82 | B108: 7-xona | C108: Shisha devor | D108: Shisha eshik va ustidagi shisha (K2 koridori tomoni) | E108: =Narxlar!$C$138 -> 1 | F108: =Narxlar!$C$134 -> 2.5 | G108: =E108*F108 -> 2.5 | H108: m² | I108: =Narxlar!$C$5 -> 55 | J108: =G108*I108 -> 137.5 | K108: shisha
...
