Workbook

Sheet Yakuniy
A1: PDP Academy · Xadra filiali (1, 2 va 3-qavat): jami xarajatlar — yakuniy
A2: Barcha summalar «Hisob (batafsil)» varag'idan formulalar bilan olinadi; so'm — «Narxlar» varag'idagi kurs bo'yicha.
A4: 1. Xarajat turlari bo'yicha
A5: № | B5: Xarajat turi | C5: Summa, $ | D5: Summa, so'm | E5: Ulush
A6: 1 | B6: Shisha devor | C6: =SUMIFS('Hisob (batafsil)'!$J$5:$J$301,'Hisob (batafsil)'!$C$5:$C$301,"Shisha devor") -> 4991.25 | D6: =C6*Narxlar!$C$19 -> 59395875 | E6: =IF($C$22=0,0,C6/$C$22) -> 0.073861085
A7: 2 | B7: Gips karton (GKL) | C7: =SUMIFS('Hisob (batafsil)'!$J$5:$J$301,'Hisob (batafsil)'!$C$5:$C$301,"Gips karton (GKL)") -> 5146.8 | D7: =C7*Narxlar!$C$19 -> 61246920 | E7: =IF($C$22=0,0,C7/$C$22) -> 0.076162931
A8: 3 | B8: Bambuk panel | C8: =SUMIFS('Hisob (batafsil)'!$J$5:$J$301,'Hisob (batafsil)'!$C$5:$C$301,"Bambuk panel") -> 9404.16 | D8: =C8*Narxlar!$C$19 -> 111909504 | E8: =IF($C$22=0,0,C8/$C$22) -> 0.13916383
A9: 4 | B9: Interaktiv doska | C9: =SUMIFS('Hisob (batafsil)'!$J$5:$J$301,'Hisob (batafsil)'!$C$5:$C$301,"Interaktiv doska") -> 8256 | D9: =C9*Narxlar!$C$19 -> 98246400 | E9: =IF($C$22=0,0,C9/$C$22) -> 0.12217323
A10: 5 | B10: Perila | C10: =SUMIFS('Hisob (batafsil)'!$J$5:$J$301,'Hisob (batafsil)'!$C$5:$C$301,"Perila") -> 2016 | D10: =C10*Narxlar!$C$19 -> 23990400 | E10: =IF($C$22=0,0,C10/$C$22) -> 0.029832997
A11: 6 | B11: Yoritish | C11: =SUMIFS('Hisob (batafsil)'!$J$5:$J$301,'Hisob (batafsil)'!$C$5:$C$301,"Yoritish") -> 3024 | D11: =C11*Narxlar!$C$19 -> 35985600 | E11: =IF($C$22=0,0,C11/$C$22) -> 0.044749496
A12: 7 | B12: Kamera tizimi | C12: =SUMIFS('Hisob (batafsil)'!$J$5:$J$301,'Hisob (batafsil)'!$C$5:$C$301,"Kamera tizimi") -> 2119 | D12: =C12*Narxlar!$C$19 -> 25216100 | E12: =IF($C$22=0,0,C12/$C$22) -> 0.031357203
A13: 8 | B13: Logotip | C13: =SUMIFS('Hisob (batafsil)'!$J$5:$J$301,'Hisob (batafsil)'!$C$5:$C$301,"Logotip") -> 3250 | D13: =C13*Narxlar!$C$19 -> 38675000 | E13: =IF($C$22=0,0,C13/$C$22) -> 0.048093869
A14: 9 | B14: Matli plyonka | C14: =SUMIFS('Hisob (batafsil)'!$J$5:$J$301,'Hisob (batafsil)'!$C$5:$C$301,"Matli plyonka") -> 537.81513 | D14: =C14*Narxlar!$C$19 -> 6400000 | E14: =IF($C$22=0,0,C14/$C$22) -> 0.0079586494
A15: 10 | B15: Yong'in xavfsizligi | C15: =SUMIFS('Hisob (batafsil)'!$J$5:$J$301,'Hisob (batafsil)'!$C$5:$C$301,"Yong'in xavfsizligi") -> 1512.605 | D15: =C15*Narxlar!$C$19 -> 18000000 | E15: =IF($C$22=0,0,C15/$C$22) -> 0.022383701
A16: 11 | B16: Buzish ishlari | C16: =SUMIFS('Hisob (batafsil)'!$J$5:$J$301,'Hisob (batafsil)'!$C$5:$C$301,"Buzish ishlari") -> 451.57563 | D16: =C16*Narxlar!$C$19 -> 5373750 | E16: =IF($C$22=0,0,C16/$C$22) -> 0.0066824675
A17: 12 | B17: Santexnika | C17: =SUMIFS('Hisob (batafsil)'!$J$5:$J$301,'Hisob (batafsil)'!$C$5:$C$301,"Santexnika") -> 3393.2773 | D17: =C17*Narxlar!$C$19 -> 40380000 | E17: =IF($C$22=0,0,C17/$C$22) -> 0.050214103
A18: 13 | B18: Kafel | C18: =SUMIFS('Hisob (batafsil)'!$J$5:$J$301,'Hisob (batafsil)'!$C$5:$C$301,"Kafel") -> 1243.6975 | D18: =C18*Narxlar!$C$19 -> 14800000 | E18: =IF($C$22=0,0,C18/$C$22) -> 0.018404377
A19: 14 | B19: Konditsioner va ventilyatsiya | C19: =SUMIFS('Hisob (batafsil)'!$J$5:$J$301,'Hisob (batafsil)'!$C$5:$C$301,"Konditsioner va ventilyatsiya") -> 15000 | D19: =C19*Narxlar!$C$19 -> 178500000 | E19: =IF($C$22=0,0,C19/$C$22) -> 0.2219717
A20: 15 | B20: Mebel va interyer | C20: =SUMIFS('Hisob (batafsil)'!$J$5:$J$301,'Hisob (batafsil)'!$C$5:$C$301,"Mebel va interyer") -> 6490 | D20: =C20*Narxlar!$C$19 -> 77231000 | E20: =IF($C$22=0,0,C20/$C$22) -> 0.096039758
A21: 16 | B21: E'lon va e'tirof doskalari | C21: =SUMIFS('Hisob (batafsil)'!$J$5:$J$301,'Hisob (batafsil)'!$C$5:$C$301,"E'lon va e'tirof doskalari") -> 740 | D21: =C21*Narxlar!$C$19 -> 8806000 | E21: =IF($C$22=0,0,C21/$C$22) -> 0.010950604
B22: JAMI | C22: =SUM(C6:C21) -> 67576.181 | D22: =C22*Narxlar!$C$19 -> 804156549 | E22: =SUM(E6:E21) -> 1
B23: ="Kutilmagan xarajatlar ("&TEXT(Narxlar!$C$70,"0%")&")" -> Kutilmagan xarajatlar (10%) | C23: =C22*Narxlar!$C$70 -> 6757.6181 | D23: =C23*Narxlar!$C$19 -> 80415655
B24: UMUMIY JAMI | C24: =C22+C23 -> 74333.799 | D24: =C24*Narxlar!$C$19 -> 8.845722e+08
B25: shundan taxminiy narxlar (mebel, interyer, doskalar, 1-qavat logotiplari) — kutilmagan xarajatsiz | C25: =SUMIFS('Hisob (batafsil)'!$J$5:$J$301,'Hisob (batafsil)'!$C$5:$C$301,"Mebel va interyer")+SUMIFS('Hisob (batafsil)'!$J$5:$J$301,'Hisob (batafsil)'!$C$5:$C$301,"E'lon va e'tirof doskalari")+SUMIFS('Hisob (batafsil)'!$J$5:$J$301,'Hisob (batafsil)'!$B$5:$B$301,"1-qavat — kirish zali (resepshn, turniket)",'Hisob (batafsil)'!$C$5:$C$301,"Logotip") -> 7980 | D25: =C25*Narxlar!$C$19 -> 94962000
A27: 2. Qavat va bo'limlar bo'yicha
A28: № | B28: Bo'lim | C28: Summa, $ | D28: Summa, so'm | E28: Ulush
A29: 1 | B29: 1-qavat: kirish zali | C29: ='Xonalar bo''yicha'!$W$7 -> 3430 | D29: =C29*Narxlar!$C$19 -> 40817000 | E29: =IF($C$34=0,0,C29/$C$34) -> 0.05075753
A30: 2 | B30: 2-qavat: o'quv xonalari | C30: ='Xonalar bo''yicha'!$W$17 -> 19634.5 | D30: =C30*Narxlar!$C$19 -> 233650550 | E30: =IF($C$34=0,0,C30/$C$34) -> 0.29055356
A31: 3 | B31: 2-qavat: ofis xonalari | C31: ='Xonalar bo''yicha'!$W$25 -> 10781.48 | D31: =C31*Narxlar!$C$19 -> 128299612 | E31: =IF($C$34=0,0,C31/$C$34) -> 0.15954557
A32: 4 | B32: 2-qavat: umumiy joylar | C32: ='Xonalar bo''yicha'!$W$34 -> 26334.896 | D32: =C32*Narxlar!$C$19 -> 313385260 | E32: =IF($C$34=0,0,C32/$C$34) -> 0.38970678
A33: 5 | B33: 3-qavat va hojatxonalar | C33: ='Xonalar bo''yicha'!$W$39 -> 7395.3048 | D33: =C33*Narxlar!$C$19 -> 88004127 | E33: =IF($C$34=0,0,C33/$C$34) -> 0.10943656
B34: JAMI | C34: =SUM(C29:C33) -> 67576.181 | D34: =C34*Narxlar!$C$19 -> 804156549 | E34: =SUM(E29:E33) -> 1
B36: Tekshiruv: ikki jadval jamisi farqi (0 bo'lishi kerak) | C36: =C22-C34 -> 0
B37: Dollar kursi (so'm/$) — «Narxlar» varag'idan | C37: =Narxlar!$C$19 -> 11900

Sheet Xonalar bo'yicha
A1: PDP Academy · Xadra filiali (1, 2 va 3-qavat): xarajatlar, xonalar bo'yicha
A2: Har bir qator «Hisob (batafsil)» varag'idan olinadi (SUMIFS). Narxlarni «Narxlar» varag'ida o'zgartiring.
A4: Xona | B4: Shisha (devor va eshik), m² | C4: Shisha (devor va eshik), $ | D4: Gips karton (GKL), m² | E4: Gips karton (GKL), $ | F4: Bambuk panel, m² | G4: Bambuk panel, $ | H4: Interaktiv doska, dona | I4: Interaktiv doska, $ | J4: Perila, m | K4: Perila, $ | L4: Yoritish, $ | M4: Kamera tizimi, $ | N4: Logotip, $ | O4: Matli plyonka, $ | P4: Yong'in xavfsizligi, $ | Q4: Buzish ishlari, $ | R4: Santexnika, $ | S4: Kafel, $ | T4: Konditsioner va ventilyatsiya, $ | U4: Mebel va interyer (taxmin), $ | V4: E'lon va e'tirof doskalari (taxmin), $ | W4: Jami, $
A5: 1-qavat: kirish zali
A6: 1-qavat — kirish zali (resepshn, turniket) | B6: =SUMIFS('Hisob (batafsil)'!$G$5:$G$301,'Hisob (batafsil)'!$B$5:$B$301,$A6,'Hisob (batafsil)'!$C$5:$C$301,"Shisha devor") -> 0 | C6: =SUMIFS('Hisob (batafsil)'!$J$5:$J$301,'Hisob (batafsil)'!$B$5:$B$301,$A6,'Hisob (batafsil)'!$C$5:$C$301,"Shisha devor") -> 0 | D6: =SUMIFS('Hisob (batafsil)'!$G$5:$G$301,'Hisob (batafsil)'!$B$5:$B$301,$A6,'Hisob (batafsil)'!$C$5:$C$301,"Gips karton (GKL)") -> 0 | E6: =SUMIFS('Hisob (batafsil)'!$J$5:$J$301,'Hisob (batafsil)'!$B$5:$B$301,$A6,'Hisob (batafsil)'!$C$5:$C$301,"Gips karton (GKL)") -> 0 | F6: =SUMIFS('Hisob (batafsil)'!$G$5:$G$301,'Hisob (batafsil)'!$B$5:$B$301,$A6,'Hisob (batafsil)'!$C$5:$C$301,"Bambuk panel") -> 0 | G6: =SUMIFS('Hisob (batafsil)'!$J$5:$J$301,'Hisob (batafsil)'!$B$5:$B$301,$A6,'Hisob (batafsil)'!$C$5:$C$301,"Bambuk panel") -> 0 | H6: =SUMIFS('Hisob (batafsil)'!$G$5:$G$301,'Hisob (batafsil)'!$B$5:$B$301,$A6,'Hisob (batafsil)'!$C$5:$C$301,"Interaktiv doska") -> 0 | I6: =SUMIFS('Hisob (batafsil)'!$J$5:$J$301,'Hisob (batafsil)'!$B$5:$B$301,$A6,'Hisob (batafsil)'!$C$5:$C$301,"Interaktiv doska") -> 0 | J6: =SUMIFS('Hisob (batafsil)'!$G$5:$G$301,'Hisob (batafsil)'!$B$5:$B$301,$A6,'Hisob (batafsil)'!$C$5:$C$301,"Perila") -> 0 | K6: =SUMIFS('Hisob (batafsil)'!$J$5:$J$301,'Hisob (batafsil)'!$B$5:$B$301,$A6,'Hisob (batafsil)'!$C$5:$C$301,"Perila") -> 0 | L6: =SUMIFS('Hisob (batafsil)'!$J$5:$J$301,'Hisob (batafsil)'!$B$5:$B$301,$A6,'Hisob (batafsil)'!$C$5:$C$301,"Yoritish") -> 0 | M6: =SUMIFS('Hisob (batafsil)'!$J$5:$J$301,'Hisob (batafsil)'!$B$5:$B$301,$A6,'Hisob (batafsil)'!$C$5:$C$301,"Kamera tizimi") -> 0 | N6: =SUMIFS('Hisob (batafsil)'!$J$5:$J$301,'Hisob (batafsil)'!$B$5:$B$301,$A6,'Hisob (batafsil)'!$C$5:$C$301,"Logotip") -> 750 | O6: =SUMIFS('Hisob (batafsil)'!$J$5:$J$301,'Hisob (batafsil)'!$B$5:$B$301,$A6,'Hisob (batafsil)'!$C$5:$C$301,"Matli plyonka") -> 0 | P6: =SUMIFS('Hisob (batafsil)'!$J$5:$J$301,'Hisob (batafsil)'!$B$5:$B$301,$A6,'Hisob (batafsil)'!$C$5:$C$301,"Yong'in xavfsizligi") -> 0 | Q6: =SUMIFS('Hisob (batafsil)'!$J$5:$J$301,'Hisob (batafsil)'!$B$5:$B$301,$A6,'Hisob (batafsil)'!$C$5:$C$301,"Buzish ishlari") -> 0 | R6: =SUMIFS('Hisob (batafsil)'!$J$5:$J$301,'Hisob (batafsil)'!$B$5:$B$301,$A6,'Hisob (batafsil)'!$C$5:$C$301,"Santexnika") -> 0 | S6: =SUMIFS('Hisob (batafsil)'!$J$5:$J$301,'Hisob (batafsil)'!$B$5:$B$301,$A6,'Hisob (batafsil)'!$C$5:$C$301,"Kafel") -> 0 | T6: =SUMIFS('Hisob (batafsil)'!$J$5:$J$301,'Hisob (batafsil)'!$B$5:$B$301,$A6,'Hisob (batafsil)'!$C$5:$C$301,"Konditsioner va ventilyatsiya") -> 0 | U6: =SUMIFS('Hisob (batafsil)'!$J$5:$J$301,'Hisob (batafsil)'!$B$5:$B$301,$A6,'Hisob (batafsil)'!$C$5:$C$301,"Mebel va interyer") -> 2680 | V6: =SUMIFS('Hisob (batafsil)'!$J$5:$J$301,'Hisob (batafsil)'!$B$5:$B$301,$A6,'Hisob (batafsil)'!$C$5:$C$301,"E'lon va e'tirof doskalari") -> 0 | W6: =C6+E6+G6+I6+K6+L6+M6+N6+O6+P6+Q6+R6+S6+T6+U6+V6 -> 3430
A7: 1-qavat: kirish zali — jami | B7: =SUM(B6:B6) -> 0 | C7: =SUM(C6:C6) -> 0 | D7: =SUM(D6:D6) -> 0 | E7: =SUM(E6:E6) -> 0 | F7: =SUM(F6:F6) -> 0 | G7: =SUM(G6:G6) -> 0 | H7: =SUM(H6:H6) -> 0 | I7: =SUM(I6:I6) -> 0 | ... W7: =SUM(W6:W6) -> 3430
A9: 2-qavat: o'quv xonalari
A10: 1-xona | B10: =SUMIFS('Hisob (batafsil)'!$G$5:$G$301,'Hisob (batafsil)'!$B$5:$B$301,$A10,'Hisob (batafsil)'!$C$5:$C$301,"Shisha devor") -> 13.75 | C10: =SUMIFS('Hisob (batafsil)'!$J$5:$J$301,'Hisob (batafsil)'!$B$5:$B$301,$A10,'Hisob (batafsil)'!$C$5:$C$301,"Shisha devor") -> 756.25 | D10: =SUMIFS('Hisob (batafsil)'!$G$5:$G$301,'Hisob (batafsil)'!$B$5:$B$301,$A10,'Hisob (batafsil)'!$C$5:$C$301,"Gips karton (GKL)") -> 7.25 | E10: =SUMIFS('Hisob (batafsil)'!$J$5:$J$301,'Hisob (batafsil)'!$B$5:$B$301,$A10,'Hisob (batafsil)'!$C$5:$C$301,"Gips karton (GKL)") -> 87 | F10: =SUMIFS('Hisob (batafsil)'!$G$5:$G$301,'Hisob (batafsil)'!$B$5:$B$301,$A10,'Hisob (batafsil)'!$C$5:$C$301,"Bambuk panel") -> 53.9 | G10: =SUMIFS('Hisob (batafsil)'!$J$5:$J$301,'Hisob (batafsil)'!$B$5:$B$301,$A10,'Hisob (batafsil)'!$C$5:$C$301,"Bambuk panel") -> 835.45 | H10: =SUMIFS('Hisob (batafsil)'!$G$5:$G$301,'Hisob (batafsil)'!$B$5:$B$301,$A10,'Hisob (batafsil)'!$C$5:$C$301,"Interaktiv doska") -> 1 | I10: =SUMIFS('Hisob (batafsil)'!$J$5:$J$301,'Hisob (batafsil)'!$B$5:$B$301,$A10,'Hisob (batafsil)'!$C$5:$C$301,"Interaktiv doska") -> 1032 | J10: =SUMIFS('Hisob (batafsil)'!$G$5:$G$301,'Hisob (batafsil)'!$B$5:$B$301,$A10,'Hisob (batafsil)'!$C$5:$C$301,"Perila") -> 0 | K10: =SUMIFS('Hisob (batafsil)'!$J$5:$J$301,'Hisob (batafsil)'!$B$5:$B$301,$A10,'Hisob (batafsil)'!$C$5:$C$301,"Perila") -> 0 | L10: =SUMIFS('Hisob (batafsil)'!$J$5:$J$301,'Hisob (batafsil)'!$B$5:$B$301,$A10,'Hisob (batafsil)'!$C$5:$C$301,"Yoritish") -> 168 | M10: =SUMIFS('Hisob (batafsil)'!$J$5:$J$301,'Hisob (batafsil)'!$B$5:$B$301,$A10,'Hisob (batafsil)'!$C$5:$C$301,"Kamera tizimi") -> 0 | N10: =SUMIFS('Hisob (batafsil)'!$J$5:$J$301,'Hisob (batafsil)'!$B$5:$B$301,$A10,'Hisob (batafsil)'!$C$5:$C$301,"Logotip") -> 0 | O10: =SUMIFS('Hisob (batafsil)'!$J$5:$J$301,'Hisob (batafsil)'!$B$5:$B$301,$A10,'Hisob (batafsil)'!$C$5:$C$301,"Matli plyonka") -> 0 | P10: =SUMIFS('Hisob (batafsil)'!$J$5:$J$301,'Hisob (batafsil)'!$B$5:$B$301,$A10,'Hisob (batafsil)'!$C$5:$C$301,"Yong'in xavfsizligi") -> 0 | Q10: =SUMIFS('Hisob (batafsil)'!$J$5:$J$301,'Hisob (batafsil)'!$B$5:$B$301,$A10,'Hisob (batafsil)'!$C$5:$C$301,"Buzish ishlari") -> 0 | R10: =SUMIFS('Hisob (batafsil)'!$J$5:$J$301,'Hisob (batafsil)'!$B$5:$B$301,$A10,'Hisob (batafsil)'!$C$5:$C$301,"Santexnika") -> 0 | S10: =SUMIFS('Hisob (batafsil)'!$J$5:$J$301,'Hisob (batafsil)'!$B$5:$B$301,$A10,'Hisob (batafsil)'!$C$5:$C$301,"Kafel") -> 0 | T10: =SUMIFS('Hisob (batafsil)'!$J$5:$J$301,'Hisob (batafsil)'!$B$5:$B$301,$A10,'Hisob (batafsil)'!$C$5:$C$301,"Konditsioner va ventilyatsiya") -> 0 | U10: =SUMIFS('Hisob (batafsil)'!$J$5:$J$301,'Hisob (batafsil)'!$B$5:$B$301,$A10,'Hisob (batafsil)'!$C$5:$C$301,"Mebel va interyer") -> 0 | V10: =SUMIFS('Hisob (batafsil)'!$J$5:$J$301,'Hisob (batafsil)'!$B$5:$B$301,$A10,'Hisob (batafsil)'!$C$5:$C$301,"E'lon va e'tirof doskalari") -> 0 | W10: =C10+E10+G10+I10+K10+L10+M10+N10+O10+P10+Q10+R10+S10+T10+U10+V10 -> 2878.7
A11: 2-xona | B11: =SUMIFS('Hisob (batafsil)'!$G$5:$G$301,'Hisob (batafsil)'!$B$5:$B$301,$A11,'Hisob (batafsil)'!$C$5:$C$301,"Shisha devor") -> 14 | C11: =SUMIFS('Hisob (batafsil)'!$J$5:$J$301,'Hisob (batafsil)'!$B$5:$B$301,$A11,'Hisob (batafsil)'!$C$5:$C$301,"Shisha devor") -> 770 | D11: =SUMIFS('Hisob (batafsil)'!$G$5:$G$301,'Hisob (batafsil)'!$B$5:$B$301,$A11,'Hisob (batafsil)'!$C$5:$C$301,"Gips karton (GKL)") -> 6.3 | E11: =SUMIFS('Hisob (batafsil)'!$J$5:$J$301,'Hisob (batafsil)'!$B$5:$B$301,$A11,'Hisob (batafsil)'!$C$5:$C$301,"Gips karton (GKL)") -> 75.6 | F11: =SUMIFS('Hisob (batafsil)'!$G$5:$G$301,'Hisob (batafsil)'!$B$5:$B$301,$A11,'Hisob (batafsil)'!$C$5:$C$301,"Bambuk panel") -> 53.9 | G11: =SUMIFS('Hisob (batafsil)'!$J$5:$J$301,'Hisob (batafsil)'!$B$5:$B$301,$A11,'Hisob (batafsil)'!$C$5:$C$301,"Bambuk panel") -> 835.45 | H11: =SUMIFS('Hisob (batafsil)'!$G$5:$G$301,'Hisob (batafsil)'!$B$5:$B$301,$A11,'Hisob (batafsil)'!$C$5:$C$301,"Interaktiv doska") -> 1 | I11: =SUMIFS('Hisob (batafsil)'!$J$5:$J$301,'Hisob (batafsil)'!$B$5:$B$301,$A11,'Hisob (batafsil)'!$C$5:$C$301,"Interaktiv doska") -> 1032 | J11: =SUMIFS('Hisob (batafsil)'!$G$5:$G$301,'Hisob (batafsil)'!$B$5:$B$301,$A11,'Hisob (batafsil)'!$C$5:$C$301,"Perila") -> 0 | K11: =SUMIFS('Hisob (batafsil)'!$J$5:$J$301,'Hisob (batafsil)'!$B$5:$B$301,$A11,'Hisob (batafsil)'!$C$5:$C$301,"Perila") -> 0 | L11: =SUMIFS('Hisob (batafsil)'!$J$5:$J$301,'Hisob (batafsil)'!$B$5:$B$301,$A11,'Hisob (batafsil)'!$C$5:$C$301,"Yoritish") -> 168 | M11: =SUMIFS('Hisob (batafsil)'!$J$5:$J$301,'Hisob (batafsil)'!$B$5:$B$301,$A11,'Hisob (batafsil)'!$C$5:$C$301,"Kamera tizimi") -> 0 | N11: =SUMIFS('Hisob (batafsil)'!$J$5:$J$301,'Hisob (batafsil)'!$B$5:$B$301,$A11,'Hisob (batafsil)'!$C$5:$C$301,"Logotip") -> 0 | O11: =SUMIFS('Hisob (batafsil)'!$J$5:$J$301,'Hisob (batafsil)'!$B$5:$B$301,$A11,'Hisob (batafsil)'!$C$5:$C$301,"Matli plyonka") -> 0 | P11: =SUMIFS('Hisob (batafsil)'!$J$5:$J$301,'Hisob (batafsil)'!$B$5:$B$301,$A11,'Hisob (batafsil)'!$C$5:$C$301,"Yong'in xavfsizligi") -> 0 | Q11: =SUMIFS('Hisob (batafsil)'!$J$5:$J$301,'Hisob (batafsil)'!$B$5:$B$301,$A11,'Hisob (batafsil)'!$C$5:$C$301,"Buzish ishlari") -> 0 | R11: =SUMIFS('Hisob (batafsil)'!$J$5:$J$301,'Hisob (batafsil)'!$B$5:$B$301,$A11,'Hisob (batafsil)'!$C$5:$C$301,"Santexnika") -> 0 | S11: =SUMIFS('Hisob (batafsil)'!$J$5:$J$301,'Hisob (batafsil)'!$B$5:$B$301,$A11,'Hisob (batafsil)'!$C$5:$C$301,"Kafel") -> 0 | T11: =SUMIFS('Hisob (batafsil)'!$J$5:$J$301,'Hisob (batafsil)'!$B$5:$B$301,$A11,'Hisob (batafsil)'!$C$5:$C$301,"Konditsioner va ventilyatsiya") -> 0 | U11: =SUMIFS('Hisob (batafsil)'!$J$5:$J$301,'Hisob (batafsil)'!$B$5:$B$301,$A11,'Hisob (batafsil)'!$C$5:$C$301,"Mebel va interyer") -> 0 | V11: =SUMIFS('Hisob (batafsil)'!$J$5:$J$301,'Hisob (batafsil)'!$B$5:$B$301,$A11,'Hisob (batafsil)'!$C$5:$C$301,"E'lon va e'tirof doskalari") -> 0 | W11: =C11+E11+G11+I11+K11+L11+M11+N11+O11+P11+Q11+R11+S11+T11+U11+V11 -> 2881.05
A12: 3-xona | B12: =SUMIFS('Hisob (batafsil)'!$G$5:$G$301,'Hisob (batafsil)'!$B$5:$B$301,$A12,'Hisob (batafsil)'!$C$5:$C$301,"Shisha devor") -> 2.25 | C12: =SUMIFS('Hisob (batafsil)'!$J$5:$J$301,'Hisob (batafsil)'!$B$5:$B$301,$A12,'Hisob (batafsil)'!$C$5:$C$301,"Shisha devor") -> 123.75 | D12: =SUMIFS('Hisob (batafsil)'!$G$5:$G$301,'Hisob (batafsil)'!$B$5:$B$301,$A12,'Hisob (batafsil)'!$C$5:$C$301,"Gips karton (GKL)") -> 17.875 | E12: =SUMIFS('Hisob (batafsil)'!$J$5:$J$301,'Hisob (batafsil)'!$B$5:$B$301,$A12,'Hisob (batafsil)'!$C$5:$C$301,"Gips karton (GKL)") -> 214.5 | F12: =SUMIFS('Hisob (batafsil)'!$G$5:$G$301,'Hisob (batafsil)'!$B$5:$B$301,$A12,'Hisob (batafsil)'!$C$5:$C$301,"Bambuk panel") -> 53.9 | G12: =SUMIFS('Hisob (batafsil)'!$J$5:$J$301,'Hisob (batafsil)'!$B$5:$B$301,$A12,'Hisob (batafsil)'!$C$5:$C$301,"Bambuk panel") -> 835.45 | H12: =SUMIFS('Hisob (batafsil)'!$G$5:$G$301,'Hisob (batafsil)'!$B$5:$B$301,$A12,'Hisob (batafsil)'!$C$5:$C$301,"Interaktiv doska") -> 1 | I12: =SUMIFS('Hisob (batafsil)'!$J$5:$J$301,'Hisob (batafsil)'!$B$5:$B$301,$A12,'Hisob (batafsil)'!$C$5:$C$301,"Interaktiv doska") -> 1032 | J12: =SUMIFS('Hisob (batafsil)'!$G$5:$G$301,'Hisob (batafsil)'!$B$5:$B$301,$A12,'Hisob (batafsil)'!$C$5:$C$301,"Perila") -> 0 | K12: =SUMIFS('Hisob (batafsil)'!$J$5:$J$301,'Hisob (batafsil)'!$B$5:$B$301,$A12,'Hisob (batafsil)'!$C$5:$C$301,"Perila") -> 0 | L12: =SUMIFS('Hisob (batafsil)'!$J$5:$J$301,'Hisob (batafsil)'!$B$5:$B$301,$A12,'Hisob (batafsil)'!$C$5:$C$301,"Yoritish") -> 168 | M12: =SUMIFS('Hisob (batafsil)'!$J$5:$J$301,'Hisob (batafsil)'!$B$5:$B$301,$A12,'Hisob (batafsil)'!$C$5:$C$301,"Kamera tizimi") -> 0 | N12: =SUMIFS('Hisob (batafsil)'!$J$5:$J$301,'Hisob (batafsil)'!$B$5:$B$301,$A12,'Hisob (batafsil)'!$C$5:$C$301,"Logotip") -> 0 | O12: =SUMIFS('Hisob (batafsil)'!$J$5:$J$301,'Hisob (batafsil)'!$B$5:$B$301,$A12,'Hisob (batafsil)'!$C$5:$C$301,"Matli plyonka") -> 0 | P12: =SUMIFS('Hisob (batafsil)'!$J$5:$J$301,'Hisob (batafsil)'!$B$5:$B$301,$A12,'Hisob (batafsil)'!$C$5:$C$301,"Yong'in xavfsizligi") -> 0 | Q12: =SUMIFS('Hisob (batafsil)'!$J$5:$J$301,'Hisob (batafsil)'!$B$5:$B$301,$A12,'Hisob (batafsil)'!$C$5:$C$301,"Buzish ishlari") -> 0 | R12: =SUMIFS('Hisob (batafsil)'!$J$5:$J$301,'Hisob (batafsil)'!$B$5:$B$301,$A12,'Hisob (batafsil)'!$C$5:$C$301,"Santexnika") -> 0 | S12: =SUMIFS('Hisob (batafsil)'!$J$5:$J$301,'Hisob (batafsil)'!$B$5:$B$301,$A12,'Hisob (batafsil)'!$C$5:$C$301,"Kafel") -> 0 | T12: =SUMIFS('Hisob (batafsil)'!$J$5:$J$301,'Hisob (batafsil)'!$B$5:$B$301,$A12,'Hisob (batafsil)'!$C$5:$C$301,"Konditsioner va ventilyatsiya") -> 0 | U12: =SUMIFS('Hisob (batafsil)'!$J$5:$J$301,'Hisob (batafsil)'!$B$5:$B$301,$A12,'Hisob (batafsil)'!$C$5:$C$301,"Mebel va interyer") -> 0 | V12: =SUMIFS('Hisob (batafsil)'!$J$5:$J$301,'Hisob (batafsil)'!$B$5:$B$301,$A12,'Hisob (batafsil)'!$C$5:$C$301,"E'lon va e'tirof doskalari") -> 0 | W12: =C12+E12+G12+I12+K12+L12+M12+N12+O12+P12+Q12+R12+S12+T12+U12+V12 -> 2373.7
A13: 4-xona | B13: =SUMIFS('Hisob (batafsil)'!$G$5:$G$301,'Hisob (batafsil)'!$B$5:$B$301,$A13,'Hisob (batafsil)'!$C$5:$C$301,"Shisha devor") -> 2.25 | C13: =SUMIFS('Hisob (batafsil)'!$J$5:$J$301,'Hisob (batafsil)'!$B$5:$B$301,$A13,'Hisob (batafsil)'!$C$5:$C$301,"Shisha devor") -> 123.75 | D13: =SUMIFS('Hisob (batafsil)'!$G$5:$G$301,'Hisob (batafsil)'!$B$5:$B$301,$A13,'Hisob (batafsil)'!$C$5:$C$301,"Gips karton (GKL)") -> 52 | E13: =SUMIFS('Hisob (batafsil)'!$J$5:$J$301,'Hisob (batafsil)'!$B$5:$B$301,$A13,'Hisob (batafsil)'!$C$5:$C$301,"Gips karton (GKL)") -> 624 | F13: =SUMIFS('Hisob (batafsil)'!$G$5:$G$301,'Hisob (batafsil)'!$B$5:$B$301,$A13,'Hisob (batafsil)'!$C$5:$C$301,"Bambuk panel") -> 50.4 | G13: =SUMIFS('Hisob (batafsil)'!$J$5:$J$301,'Hisob (batafsil)'!$B$5:$B$301,$A13,'Hisob (batafsil)'!$C$5:$C$301,"Bambuk panel") -> 781.2 | H13: =SUMIFS('Hisob (batafsil)'!$G$5:$G$301,'Hisob (batafsil)'!$B$5:$B$301,$A13,'Hisob (batafsil)'!$C$5:$C$301,"Interaktiv doska") -> 1 | I13: =SUMIFS('Hisob (batafsil)'!$J$5:$J$301,'Hisob (batafsil)'!$B$5:$B$301,$A13,'Hisob (batafsil)'!$C$5:$C$301,"Interaktiv doska") -> 1032 | J13: =SUMIFS('Hisob (batafsil)'!$G$5:$G$301,'Hisob (batafsil)'!$B$5:$B$301,$A13,'Hisob (batafsil)'!$C$5:$C$301,"Perila") -> 0 | K13: =SUMIFS('Hisob (batafsil)'!$J$5:$J$301,'Hisob (batafsil)'!$B$5:$B$301,$A13,'Hisob (batafsil)'!$C$5:$C$301,"Perila") -> 0 | L13: =SUMIFS('Hisob (batafsil)'!$J$5:$J$301,'Hisob (batafsil)'!$B$5:$B$301,$A13,'Hisob (batafsil)'!$C$5:$C$301,"Yoritish") -> 168 | M13: =SUMIFS('Hisob (batafsil)'!$J$5:$J$301,'Hisob (batafsil)'!$B$5:$B$301,$A13,'Hisob (batafsil)'!$C$5:$C$301,"Kamera tizimi") -> 0 | N13: =SUMIFS('Hisob (batafsil)'!$J$5:$J$301,'Hisob (batafsil)'!$B$5:$B$301,$A13,'Hisob (batafsil)'!$C$5:$C$301,"Logotip") -> 0 | O13: =SUMIFS('Hisob (batafsil)'!$J$5:$J$301,'Hisob (batafsil)'!$B$5:$B$301,$A13,'Hisob (batafsil)'!$C$5:$C$301,"Matli plyonka") -> 0 | P13: =SUMIFS('Hisob (batafsil)'!$J$5:$J$301,'Hisob (batafsil)'!$B$5:$B$301,$A13,'Hisob (batafsil)'!$C$5:$C$301,"Yong'in xavfsizligi") -> 0 | Q13: =SUMIFS('Hisob (batafsil)'!$J$5:$J$301,'Hisob (batafsil)'!$B$5:$B$301,$A13,'Hisob (batafsil)'!$C$5:$C$301,"Buzish ishlari") -> 0 | R13: =SUMIFS('Hisob (batafsil)'!$J$5:$J$301,'Hisob (batafsil)'!$B$5:$B$301,$A13,'Hisob (batafsil)'!$C$5:$C$301,"Santexnika") -> 0 | S13: =SUMIFS('Hisob (batafsil)'!$J$5:$J$301,'Hisob (batafsil)'!$B$5:$B$301,$A13,'Hisob (batafsil)'!$C$5:$C$301,"Kafel") -> 0 | T13: =SUMIFS('Hisob (batafsil)'!$J$5:$J$301,'Hisob (batafsil)'!$B$5:$B$301,$A13,'Hisob (batafsil)'!$C$5:$C$301,"Konditsioner va ventilyatsiya") -> 0 | U13: =SUMIFS('Hisob (batafsil)'!$J$5:$J$301,'Hisob (batafsil)'!$B$5:$B$301,$A13,'Hisob (batafsil)'!$C$5:$C$301,"Mebel va interyer") -> 0 | V13: =SUMIFS('Hisob (batafsil)'!$J$5:$J$301,'Hisob (batafsil)'!$B$5:$B$301,$A13,'Hisob (batafsil)'!$C$5:$C$301,"E'lon va e'tirof doskalari") -> 0 | W13: =C13+E13+G13+I13+K13+L13+M13+N13+O13+P13+Q13+R13+S13+T13+U13+V13 -> 2728.95
A14: 5-xona | B14: =SUMIFS('Hisob (batafsil)'!$G$5:$G$301,'Hisob (batafsil)'!$B$5:$B$301,$A14,'Hisob (batafsil)'!$C$5:$C$301,"Shisha devor") -> 2.25 | C14: =SUMIFS('Hisob (batafsil)'!$J$5:$J$301,'Hisob (batafsil)'!$B$5:$B$301,$A14,'Hisob (batafsil)'!$C$5:$C$301,"Shisha devor") -> 123.75 | D14: =SUMIFS('Hisob (batafsil)'!$G$5:$G$301,'Hisob (batafsil)'!$B$5:$B$301,$A14,'Hisob (batafsil)'!$C$5:$C$301,"Gips karton (GKL)") -> 27.5 | E14: =SUMIFS('Hisob (batafsil)'!$J$5:$J$301,'Hisob (batafsil)'!$B$5:$B$301,$A14,'Hisob (batafsil)'!$C$5:$C$301,"Gips karton (GKL)") -> 330 | F14: =SUMIFS('Hisob (batafsil)'!$G$5:$G$301,'Hisob (batafsil)'!$B$5:$B$301,$A14,'Hisob (batafsil)'!$C$5:$C$301,"Bambuk panel") -> 53.9 | G14: =SUMIFS('Hisob (batafsil)'!$J$5:$J$301,'Hisob (batafsil)'!$B$5:$B$301,$A14,'Hisob (batafsil)'!$C$5:$C$301,"Bambuk panel") -> 835.45 | H14: =SUMIFS('Hisob (batafsil)'!$G$5:$G$301,'Hisob (batafsil)'!$B$5:$B$301,$A14,'Hisob (batafsil)'!$C$5:$C$301,"Interaktiv doska") -> 1 | I14: =SUMIFS('Hisob (batafsil)'!$J$5:$J$301,'Hisob (batafsil)'!$B$5:$B$301,$A14,'Hisob (batafsil)'!$C$5:$C$301,"Interaktiv doska") -> 1032 | J14: =SUMIFS('Hisob (batafsil)'!$G$5:$G$301,'Hisob (batafsil)'!$B$5:$B$301,$A14,'Hisob (batafsil)'!$C$5:$C$301,"Perila") -> 0 | K14: =SUMIFS('Hisob (batafsil)'!$J$5:$J$301,'Hisob (batafsil)'!$B$5:$B$301,$A14,'Hisob (batafsil)'!$C$5:$C$301,"Perila") -> 0 | L14: =SUMIFS('Hisob (batafsil)'!$J$5:$J$301,'Hisob (batafsil)'!$B$5:$B$301,$A14,'Hisob (batafsil)'!$C$5:$C$301,"Yoritish") -> 168 | M14: =SUMIFS('Hisob (batafsil)'!$J$5:$J$301,'Hisob (batafsil)'!$B$5:$B$301,$A14,'Hisob (batafsil)'!$C$5:$C$301,"Kamera tizimi") -> 0 | N14: =SUMIFS('Hisob (batafsil)'!$J$5:$J$301,'Hisob (batafsil)'!$B$5:$B$301,$A14,'Hisob (batafsil)'!$C$5:$C$301,"Logotip") -> 0 | O14: =SUMIFS('Hisob (batafsil)'!$J$5:$J$301,'Hisob (batafsil)'!$B$5:$B$301,$A14,'Hisob (batafsil)'!$C$5:$C$301,"Matli plyonka") -> 0 | P14: =SUMIFS('Hisob (batafsil)'!$J$5:$J$301,'Hisob (batafsil)'!$B$5:$B$301,$A14,'Hisob (batafsil)'!$C$5:$C$301,"Yong'in xavfsizligi") -> 0 | Q14: =SUMIFS('Hisob (batafsil)'!$J$5:$J$301,'Hisob (batafsil)'!$B$5:$B$301,$A14,'Hisob (batafsil)'!$C$5:$C$301,"Buzish ishlari") -> 0 | R14: =SUMIFS('Hisob (batafsil)'!$J$5:$J$301,'Hisob (batafsil)'!$B$5:$B$301,$A14,'Hisob (batafsil)'!$C$5:$C$301,"Santexnika") -> 0 | S14: =SUMIFS('Hisob (batafsil)'!$J$5:$J$301,'Hisob (batafsil)'!$B$5:$B$301,$A14,'Hisob (batafsil)'!$C$5:$C$301,"Kafel") -> 0 | T14: =SUMIFS('Hisob (batafsil)'!$J$5:$J$301,'Hisob (batafsil)'!$B$5:$B$301,$A14,'Hisob (batafsil)'!$C$5:$C$301,"Konditsioner va ventilyatsiya") -> 0 | U14: =SUMIFS('Hisob (batafsil)'!$J$5:$J$301,'Hisob (batafsil)'!$B$5:$B$301,$A14,'Hisob (batafsil)'!$C$5:$C$301,"Mebel va interyer") -> 0 | V14: =SUMIFS('Hisob (batafsil)'!$J$5:$J$301,'Hisob (batafsil)'!$B$5:$B$301,$A14,'Hisob (batafsil)'!$C$5:$C$301,"E'lon va e'tirof doskalari") -> 0 | W14: =C14+E14+G14+I14+K14+L14+M14+N14+O14+P14+Q14+R14+S14+T14+U14+V14 -> 2489.2
A15: 6-xona | B15: =SUMIFS('Hisob (batafsil)'!$G$5:$G$301,'Hisob (batafsil)'!$B$5:$B$301,$A15,'Hisob (batafsil)'!$C$5:$C$301,"Shisha devor") -> 14 | C15: =SUMIFS('Hisob (batafsil)'!$J$5:$J$301,'Hisob (batafsil)'!$B$5:$B$301,$A15,'Hisob (batafsil)'!$C$5:$C$301,"Shisha devor") -> 770 | D15: =SUMIFS('Hisob (batafsil)'!$G$5:$G$301,'Hisob (batafsil)'!$B$5:$B$301,$A15,'Hisob (batafsil)'!$C$5:$C$301,"Gips karton (GKL)") -> 25.55 | E15: =SUMIFS('Hisob (batafsil)'!$J$5:$J$301,'Hisob (batafsil)'!$B$5:$B$301,$A15,'Hisob (batafsil)'!$C$5:$C$301,"Gips karton (GKL)") -> 306.6 | F15: =SUMIFS('Hisob (batafsil)'!$G$5:$G$301,'Hisob (batafsil)'!$B$5:$B$301,$A15,'Hisob (batafsil)'!$C$5:$C$301,"Bambuk panel") -> 53.9 | G15: =SUMIFS('Hisob (batafsil)'!$J$5:$J$301,'Hisob (batafsil)'!$B$5:$B$301,$A15,'Hisob (batafsil)'!$C$5:$C$301,"Bambuk panel") -> 835.45 | H15: =SUMIFS('Hisob (batafsil)'!$G$5:$G$301,'Hisob (batafsil)'!$B$5:$B$301,$A15,'Hisob (batafsil)'!$C$5:$C$301,"Interaktiv doska") -> 1 | I15: =SUMIFS('Hisob (batafsil)'!$J$5:$J$301,'Hisob (batafsil)'!$B$5:$B$301,$A15,'Hisob (batafsil)'!$C$5:$C$301,"Interaktiv doska") -> 1032 | J15: =SUMIFS('Hisob (batafsil)'!$G$5:$G$301,'Hisob (batafsil)'!$B$5:$B$301,$A15,'Hisob (batafsil)'!$C$5:$C$301,"Perila") -> 0 | K15: =SUMIFS('Hisob (batafsil)'!$J$5:$J$301,'Hisob (batafsil)'!$B$5:$B$301,$A15,'Hisob (batafsil)'!$C$5:$C$301,"Perila") -> 0 | L15: =SUMIFS('Hisob (batafsil)'!$J$5:$J$301,'Hisob (batafsil)'!$B$5:$B$301,$A15,'Hisob (batafsil)'!$C$5:$C$301,"Yoritish") -> 168 | M15: =SUMIFS('Hisob (batafsil)'!$J$5:$J$301,'Hisob (batafsil)'!$B$5:$B$301,$A15,'Hisob (batafsil)'!$C$5:$C$301,"Kamera tizimi") -> 0 | N15: =SUMIFS('Hisob (batafsil)'!$J$5:$J$301,'Hisob (batafsil)'!$B$5:$B$301,$A15,'Hisob (batafsil)'!$C$5:$C$301,"Logotip") -> 0 | O15: =SUMIFS('Hisob (batafsil)'!$J$5:$J$301,'Hisob (batafsil)'!$B$5:$B$301,$A15,'Hisob (batafsil)'!$C$5:$C$301,"Matli plyonka") -> 0 | P15: =SUMIFS('Hisob (batafsil)'!$J$5:$J$301,'Hisob (batafsil)'!$B$5:$B$301,$A15,'Hisob (batafsil)'!$C$5:$C$301,"Yong'in xavfsizligi") -> 0 | Q15: =SUMIFS('Hisob (batafsil)'!$J$5:$J$301,'Hisob (batafsil)'!$B$5:$B$301,$A15,'Hisob (batafsil)'!$C$5:$C$301,"Buzish ishlari") -> 0 | R15: =SUMIFS('Hisob (batafsil)'!$J$5:$J$301,'Hisob (batafsil)'!$B$5:$B$301,$A15,'Hisob (batafsil)'!$C$5:$C$301,"Santexnika") -> 0 | S15: =SUMIFS('Hisob (batafsil)'!$J$5:$J$301,'Hisob (batafsil)'!$B$5:$B$301,$A15,'Hisob (batafsil)'!$C$5:$C$301,"Kafel") -> 0 | T15: =SUMIFS('Hisob (batafsil)'!$J$5:$J$301,'Hisob (batafsil)'!$B$5:$B$301,$A15,'Hisob (batafsil)'!$C$5:$C$301,"Konditsioner va ventilyatsiya") -> 0 | U15: =SUMIFS('Hisob (batafsil)'!$J$5:$J$301,'Hisob (batafsil)'!$B$5:$B$301,$A15,'Hisob (batafsil)'!$C$5:$C$301,"Mebel va interyer") -> 0 | V15: =SUMIFS('Hisob (batafsil)'!$J$5:$J$301,'Hisob (batafsil)'!$B$5:$B$301,$A15,'Hisob (batafsil)'!$C$5:$C$301,"E'lon va e'tirof doskalari") -> 0 | W15: =C15+E15+G15+I15+K15+L15+M15+N15+O15+P15+Q15+R15+S15+T15+U15+V15 -> 3112.05
A16: 7-xona | B16: =SUMIFS('Hisob (batafsil)'!$G$5:$G$301,'Hisob (batafsil)'!$B$5:$B$301,$A16,'Hisob (batafsil)'!$C$5:$C$301,"Shisha devor") -> 14 | C16: =SUMIFS('Hisob (batafsil)'!$J$5:$J$301,'Hisob (batafsil)'!$B$5:$B$301,$A16,'Hisob (batafsil)'!$C$5:$C$301,"Shisha devor") -> 770 | D16: =SUMIFS('Hisob (batafsil)'!$G$5:$G$301,'Hisob (batafsil)'!$B$5:$B$301,$A16,'Hisob (batafsil)'!$C$5:$C$301,"Gips karton (GKL)") -> 30.45 | E16: =SUMIFS('Hisob (batafsil)'!$J$5:$J$301,'Hisob (batafsil)'!$B$5:$B$301,$A16,'Hisob (batafsil)'!$C$5:$C$301,"Gips karton (GKL)") -> 365.4 | F16: =SUMIFS('Hisob (batafsil)'!$G$5:$G$301,'Hisob (batafsil)'!$B$5:$B$301,$A16,'Hisob (batafsil)'!$C$5:$C$301,"Bambuk panel") -> 53.9 | G16: =SUMIFS('Hisob (batafsil)'!$J$5:$J$301,'Hisob (batafsil)'!$B$5:$B$301,$A16,'Hisob (batafsil)'!$C$5:$C$301,"Bambuk panel") -> 835.45 | H16: =SUMIFS('Hisob (batafsil)'!$G$5:$G$301,'Hisob (batafsil)'!$B$5:$B$301,$A16,'Hisob (batafsil)'!$C$5:$C$301,"Interaktiv doska") -> 1 | I16: =SUMIFS('Hisob (batafsil)'!$J$5:$J$301,'Hisob (batafsil)'!$B$5:$B$301,$A16,'Hisob (batafsil)'!$C$5:$C$301,"Interaktiv doska") -> 1032 | J16: =SUMIFS('Hisob (batafsil)'!$G$5:$G$301,'Hisob (batafsil)'!$B$5:$B$301,$A16,'Hisob (batafsil)'!$C$5:$C$301,"Perila") -> 0 | K16: =SUMIFS('Hisob (batafsil)'!$J$5:$J$301,'Hisob (batafsil)'!$B$5:$B$301,$A16,'Hisob (batafsil)'!$C$5:$C$301,"Perila") -> 0 | L16: =SUMIFS('Hisob (batafsil)'!$J$5:$J$301,'Hisob (batafsil)'!$B$5:$B$301,$A16,'Hisob (batafsil)'!$C$5:$C$301,"Yoritish") -> 168 | M16: =SUMIFS('Hisob (batafsil)'!$J$5:$J$301,'Hisob (batafsil)'!$B$5:$B$301,$A16,'Hisob (batafsil)'!$C$5:$C$301,"Kamera tizimi") -> 0 | N16: =SUMIFS('Hisob (batafsil)'!$J$5:$J$301,'Hisob (batafsil)'!$B$5:$B$301,$A16,'Hisob (batafsil)'!$C$5:$C$301,"Logotip") -> 0 | O16: =SUMIFS('Hisob (batafsil)'!$J$5:$J$301,'Hisob (batafsil)'!$B$5:$B$301,$A16,'Hisob (batafsil)'!$C$5:$C$301,"Matli plyonka") -> 0 | P16: =SUMIFS('Hisob (batafsil)'!$J$5:$J$301,'Hisob (batafsil)'!$B$5:$B$301,$A16,'Hisob (batafsil)'!$C$5:$C$301,"Yong'in xavfsizligi") -> 0 | Q16: =SUMIFS('Hisob (batafsil)'!$J$5:$J$301,'Hisob (batafsil)'!$B$5:$B$301,$A16,'Hisob (batafsil)'!$C$5:$C$301,"Buzish ishlari") -> 0 | R16: =SUMIFS('Hisob (batafsil)'!$J$5:$J$301,'Hisob (batafsil)'!$B$5:$B$301,$A16,'Hisob (batafsil)'!$C$5:$C$301,"Santexnika") -> 0 | S16: =SUMIFS('Hisob (batafsil)'!$J$5:$J$301,'Hisob (batafsil)'!$B$5:$B$301,$A16,'Hisob (batafsil)'!$C$5:$C$301,"Kafel") -> 0 | T16: =SUMIFS('Hisob (batafsil)'!$J$5:$J$301,'Hisob (batafsil)'!$B$5:$B$301,$A16,'Hisob (batafsil)'!$C$5:$C$301,"Konditsioner va ventilyatsiya") -> 0 | U16: =SUMIFS('Hisob (batafsil)'!$J$5:$J$301,'Hisob (batafsil)'!$B$5:$B$301,$A16,'Hisob (batafsil)'!$C$5:$C$301,"Mebel va interyer") -> 0 | V16: =SUMIFS('Hisob (batafsil)'!$J$5:$J$301,'Hisob (batafsil)'!$B$5:$B$301,$A16,'Hisob (batafsil)'!$C$5:$C$301,"E'lon va e'tirof doskalari") -> 0 | W16: =C16+E16+G16+I16+K16+L16+M16+N16+O16+P16+Q16+R16+S16+T16+U16+V16 -> 3170.85
A17: 2-qavat: o'quv xonalari — jami | B17: =SUM(B10:B16) -> 62.5 | C17: =SUM(C10:C16) -> 3437.5 | D17: =SUM(D10:D16) -> 166.925 | E17: =SUM(E10:E16) -> 2003.1 | F17: =SUM(F10:F16) -> 373.8 | G17: =SUM(G10:G16) -> 5793.9 | H17: =SUM(H10:H16) -> 7 | I17: =SUM(I10:I16) -> 7224 | ... W17: =SUM(W10:W16) -> 19634.5
A19: 2-qavat: ofis xonalari
A20: Offline sotuv (XZ1) | B20: =SUMIFS('Hisob (batafsil)'!$G$5:$G$301,'Hisob (batafsil)'!$B$5:$B$301,$A20,'Hisob (batafsil)'!$C$5:$C$301,"Shisha devor") -> 7 | C20: =SUMIFS('Hisob (batafsil)'!$J$5:$J$301,'Hisob (batafsil)'!$B$5:$B$301,$A20,'Hisob (batafsil)'!$C$5:$C$301,"Shisha devor") -> 385 | D20: =SUMIFS('Hisob (batafsil)'!$G$5:$G$301,'Hisob (batafsil)'!$B$5:$B$301,$A20,'Hisob (batafsil)'!$C$5:$C$301,"Gips karton (GKL)") -> 34.3 | E20: =SUMIFS('Hisob (batafsil)'!$J$5:$J$301,'Hisob (batafsil)'!$B$5:$B$301,$A20,'Hisob (batafsil)'!$C$5:$C$301,"Gips karton (GKL)") -> 411.6 | F20: =SUMIFS('Hisob (batafsil)'!$G$5:$G$301,'Hisob (batafsil)'!$B$5:$B$301,$A20,'Hisob (batafsil)'!$C$5:$C$301,"Bambuk panel") -> 39.2 | G20: =SUMIFS('Hisob (batafsil)'!$J$5:$J$301,'Hisob (batafsil)'!$B$5:$B$301,$A20,'Hisob (batafsil)'!$C$5:$C$301,"Bambuk panel") -> 607.6 | H20: =SUMIFS('Hisob (batafsil)'!$G$5:$G$301,'Hisob (batafsil)'!$B$5:$B$301,$A20,'Hisob (batafsil)'!$C$5:$C$301,"Interaktiv doska") -> 0 | I20: =SUMIFS('Hisob (batafsil)'!$J$5:$J$301,'Hisob (batafsil)'!$B$5:$B$301,$A20,'Hisob (batafsil)'!$C$5:$C$301,"Interaktiv doska") -> 0 | J20: =SUMIFS('Hisob (batafsil)'!$G$5:$G$301,'Hisob (batafsil)'!$B$5:$B$301,$A20,'Hisob (batafsil)'!$C$5:$C$301,"Perila") -> 0 | K20: =SUMIFS('Hisob (batafsil)'!$J$5:$J$301,'Hisob (batafsil)'!$B$5:$B$301,$A20,'Hisob (batafsil)'!$C$5:$C$301,"Perila") -> 0 | L20: =SUMIFS('Hisob (batafsil)'!$J$5:$J$301,'Hisob (batafsil)'!$B$5:$B$301,$A20,'Hisob (batafsil)'!$C$5:$C$301,"Yoritish") -> 168 | M20: =SUMIFS('Hisob (batafsil)'!$J$5:$J$301,'Hisob (batafsil)'!$B$5:$B$301,$A20,'Hisob (batafsil)'!$C$5:$C$301,"Kamera tizimi") -> 0 | N20: =SUMIFS('Hisob (batafsil)'!$J$5:$J$301,'Hisob (batafsil)'!$B$5:$B$301,$A20,'Hisob (batafsil)'!$C$5:$C$301,"Logotip") -> 0 | O20: =SUMIFS('Hisob (batafsil)'!$J$5:$J$301,'Hisob (batafsil)'!$B$5:$B$301,$A20,'Hisob (batafsil)'!$C$5:$C$301,"Matli plyonka") -> 0 | P20: =SUMIFS('Hisob (batafsil)'!$J$5:$J$301,'Hisob (batafsil)'!$B$5:$B$301,$A20,'Hisob (batafsil)'!$C$5:$C$301,"Yong'in xavfsizligi") -> 0 | Q20: =SUMIFS('Hisob (batafsil)'!$J$5:$J$301,'Hisob (batafsil)'!$B$5:$B$301,$A20,'Hisob (batafsil)'!$C$5:$C$301,"Buzish ishlari") -> 0 | R20: =SUMIFS('Hisob (batafsil)'!$J$5:$J$301,'Hisob (batafsil)'!$B$5:$B$301,$A20,'Hisob (batafsil)'!$C$5:$C$301,"Santexnika") -> 0 | S20: =SUMIFS('Hisob (batafsil)'!$J$5:$J$301,'Hisob (batafsil)'!$B$5:$B$301,$A20,'Hisob (batafsil)'!$C$5:$C$301,"Kafel") -> 0 | T20: =SUMIFS('Hisob (batafsil)'!$J$5:$J$301,'Hisob (batafsil)'!$B$5:$B$301,$A20,'Hisob (batafsil)'!$C$5:$C$301,"Konditsioner va ventilyatsiya") -> 0 | U20: =SUMIFS('Hisob (batafsil)'!$J$5:$J$301,'Hisob (batafsil)'!$B$5:$B$301,$A20,'Hisob (batafsil)'!$C$5:$C$301,"Mebel va interyer") -> 2340 | V20: =SUMIFS('Hisob (batafsil)'!$J$5:$J$301,'Hisob (batafsil)'!$B$5:$B$301,$A20,'Hisob (batafsil)'!$C$5:$C$301,"E'lon va e'tirof doskalari") -> 0 | W20: =C20+E20+G20+I20+K20+L20+M20+N20+O20+P20+Q20+R20+S20+T20+U20+V20 -> 3912.2
A21: Admin (XZ2) | B21: =SUMIFS('Hisob (batafsil)'!$G$5:$G$301,'Hisob (batafsil)'!$B$5:$B$301,$A21,'Hisob (batafsil)'!$C$5:$C$301,"Shisha devor") -> 7 | C21: =SUMIFS('Hisob (batafsil)'!$J$5:$J$301,'Hisob (batafsil)'!$B$5:$B$301,$A21,'Hisob (batafsil)'!$C$5:$C$301,"Shisha devor") -> 385 | D21: =SUMIFS('Hisob (batafsil)'!$G$5:$G$301,'Hisob (batafsil)'!$B$5:$B$301,$A21,'Hisob (batafsil)'!$C$5:$C$301,"Gips karton (GKL)") -> 35.35 | E21: =SUMIFS('Hisob (batafsil)'!$J$5:$J$301,'Hisob (batafsil)'!$B$5:$B$301,$A21,'Hisob (batafsil)'!$C$5:$C$301,"Gips karton (GKL)") -> 424.2 | F21: =SUMIFS('Hisob (batafsil)'!$G$5:$G$301,'Hisob (batafsil)'!$B$5:$B$301,$A21,'Hisob (batafsil)'!$C$5:$C$301,"Bambuk panel") -> 39.2 | G21: =SUMIFS('Hisob (batafsil)'!$J$5:$J$301,'Hisob (batafsil)'!$B$5:$B$301,$A21,'Hisob (batafsil)'!$C$5:$C$301,"Bambuk panel") -> 607.6 | H21: =SUMIFS('Hisob (batafsil)'!$G$5:$G$301,'Hisob (batafsil)'!$B$5:$B$301,$A21,'Hisob (batafsil)'!$C$5:$C$301,"Interaktiv doska") -> 0 | I21: =SUMIFS('Hisob (batafsil)'!$J$5:$J$301,'Hisob (batafsil)'!$B$5:$B$301,$A21,'Hisob (batafsil)'!$C$5:$C$301,"Interaktiv doska") -> 0 | J21: =SUMIFS('Hisob (batafsil)'!$G$5:$G$301,'Hisob (batafsil)'!$B$5:$B$301,$A21,'Hisob (batafsil)'!$C$5:$C$301,"Perila") -> 0 | K21: =SUMIFS('Hisob (batafsil)'!$J$5:$J$301,'Hisob (batafsil)'!$B$5:$B$301,$A21,'Hisob (batafsil)'!$C$5:$C$301,"Perila") -> 0 | L21: =SUMIFS('Hisob (batafsil)'!$J$5:$J$301,'Hisob (batafsil)'!$B$5:$B$301,$A21,'Hisob (batafsil)'!$C$5:$C$301,"Yoritish") -> 168 | M21: =SUMIFS('Hisob (batafsil)'!$J$5:$J$301,'Hisob (batafsil)'!$B$5:$B$301,$A21,'Hisob (batafsil)'!$C$5:$C$301,"Kamera tizimi") -> 0 | N21: =SUMIFS('Hisob (batafsil)'!$J$5:$J$301,'Hisob (batafsil)'!$B$5:$B$301,$A21,'Hisob (batafsil)'!$C$5:$C$301,"Logotip") -> 0 | O21: =SUMIFS('Hisob (batafsil)'!$J$5:$J$301,'Hisob (batafsil)'!$B$5:$B$301,$A21,'Hisob (batafsil)'!$C$5:$C$301,"Matli plyonka") -> 0 | P21: =SUMIFS('Hisob (batafsil)'!$J$5:$J$301,'Hisob (batafsil)'!$B$5:$B$301,$A21,'Hisob (batafsil)'!$C$5:$C$301,"Yong'in xavfsizligi") -> 0 | Q21: =SUMIFS('Hisob (batafsil)'!$J$5:$J$301,'Hisob (batafsil)'!$B$5:$B$301,$A21,'Hisob (batafsil)'!$C$5:$C$301,"Buzish ishlari") -> 0 | R21: =SUMIFS('Hisob (batafsil)'!$J$5:$J$301,'Hisob (batafsil)'!$B$5:$B$301,$A21,'Hisob (batafsil)'!$C$5:$C$301,"Santexnika") -> 0 | S21: =SUMIFS('Hisob (batafsil)'!$J$5:$J$301,'Hisob (batafsil)'!$B$5:$B$301,$A21,'Hisob (batafsil)'!$C$5:$C$301,"Kafel") -> 0 | T21: =SUMIFS('Hisob (batafsil)'!$J$5:$J$301,'Hisob (batafsil)'!$B$5:$B$301,$A21,'Hisob (batafsil)'!$C$5:$C$301,"Konditsioner va ventilyatsiya") -> 0 | U21: =SUMIFS('Hisob (batafsil)'!$J$5:$J$301,'Hisob (batafsil)'!$B$5:$B$301,$A21,'Hisob (batafsil)'!$C$5:$C$301,"Mebel va interyer") -> 1470 | V21: =SUMIFS('Hisob (batafsil)'!$J$5:$J$301,'Hisob (batafsil)'!$B$5:$B$301,$A21,'Hisob (batafsil)'!$C$5:$C$301,"E'lon va e'tirof doskalari") -> 0 | W21: =C21+E21+G21+I21+K21+L21+M21+N21+O21+P21+Q21+R21+S21+T21+U21+V21 -> 3054.8
A22: Ustozlar xonasi (XZ3) | B22: =SUMIFS('Hisob (batafsil)'!$G$5:$G$301,'Hisob (batafsil)'!$B$5:$B$301,$A22,'Hisob (batafsil)'!$C$5:$C$301,"Shisha devor") -> 7.125 | C22: =SUMIFS('Hisob (batafsil)'!$J$5:$J$301,'Hisob (batafsil)'!$B$5:$B$301,$A22,'Hisob (batafsil)'!$C$5:$C$301,"Shisha devor") -> 391.875 | D22: =SUMIFS('Hisob (batafsil)'!$G$5:$G$301,'Hisob (batafsil)'!$B$5:$B$301,$A22,'Hisob (batafsil)'!$C$5:$C$301,"Gips karton (GKL)") -> 35.575 | E22: =SUMIFS('Hisob (batafsil)'!$J$5:$J$301,'Hisob (batafsil)'!$B$5:$B$301,$A22,'Hisob (batafsil)'!$C$5:$C$301,"Gips karton (GKL)") -> 426.9 | F22: =SUMIFS('Hisob (batafsil)'!$G$5:$G$301,'Hisob (batafsil)'!$B$5:$B$301,$A22,'Hisob (batafsil)'!$C$5:$C$301,"Bambuk panel") -> 39.2 | G22: =SUMIFS('Hisob (batafsil)'!$J$5:$J$301,'Hisob (batafsil)'!$B$5:$B$301,$A22,'Hisob (batafsil)'!$C$5:$C$301,"Bambuk panel") -> 607.6 | H22: =SUMIFS('Hisob (batafsil)'!$G$5:$G$301,'Hisob (batafsil)'!$B$5:$B$301,$A22,'Hisob (batafsil)'!$C$5:$C$301,"Interaktiv doska") -> 0 | I22: =SUMIFS('Hisob (batafsil)'!$J$5:$J$301,'Hisob (batafsil)'!$B$5:$B$301,$A22,'Hisob (batafsil)'!$C$5:$C$301,"Interaktiv doska") -> 0 | J22: =SUMIFS('Hisob (batafsil)'!$G$5:$G$301,'Hisob (batafsil)'!$B$5:$B$301,$A22,'Hisob (batafsil)'!$C$5:$C$301,"Perila") -> 0 | K22: =SUMIFS('Hisob (batafsil)'!$J$5:$J$301,'Hisob (batafsil)'!$B$5:$B$301,$A22,'Hisob (batafsil)'!$C$5:$C$301,"Perila") -> 0 | L22: =SUMIFS('Hisob (batafsil)'!$J$5:$J$301,'Hisob (batafsil)'!$B$5:$B$301,$A22,'Hisob (batafsil)'!$C$5:$C$301,"Yoritish") -> 168 | M22: =SUMIFS('Hisob (batafsil)'!$J$5:$J$301,'Hisob (batafsil)'!$B$5:$B$301,$A22,'Hisob (batafsil)'!$C$5:$C$301,"Kamera tizimi") -> 0 | N22: =SUMIFS('Hisob (batafsil)'!$J$5:$J$301,'Hisob (batafsil)'!$B$5:$B$301,$A22,'Hisob (batafsil)'!$C$5:$C$301,"Logotip") -> 0 | O22: =SUMIFS('Hisob (batafsil)'!$J$5:$J$301,'Hisob (batafsil)'!$B$5:$B$301,$A22,'Hisob (batafsil)'!$C$5:$C$301,"Matli plyonka") -> 0 | P22: =SUMIFS('Hisob (batafsil)'!$J$5:$J$301,'Hisob (batafsil)'!$B$5:$B$301,$A22,'Hisob (batafsil)'!$C$5:$C$301,"Yong'in xavfsizligi") -> 0 | Q22: =SUMIFS('Hisob (batafsil)'!$J$5:$J$301,'Hisob (batafsil)'!$B$5:$B$301,$A22,'Hisob (batafsil)'!$C$5:$C$301,"Buzish ishlari") -> 0 | R22: =SUMIFS('Hisob (batafsil)'!$J$5:$J$301,'Hisob (batafsil)'!$B$5:$B$301,$A22,'Hisob (batafsil)'!$C$5:$C$301,"Santexnika") -> 0 | S22: =SUMIFS('Hisob (batafsil)'!$J$5:$J$301,'Hisob (batafsil)'!$B$5:$B$301,$A22,'Hisob (batafsil)'!$C$5:$C$301,"Kafel") -> 0 | T22: =SUMIFS('Hisob (batafsil)'!$J$5:$J$301,'Hisob (batafsil)'!$B$5:$B$301,$A22,'Hisob (batafsil)'!$C$5:$C$301,"Konditsioner va ventilyatsiya") -> 0 | U22: =SUMIFS('Hisob (batafsil)'!$J$5:$J$301,'Hisob (batafsil)'!$B$5:$B$301,$A22,'Hisob (batafsil)'!$C$5:$C$301,"Mebel va interyer") -> 0 | V22: =SUMIFS('Hisob (batafsil)'!$J$5:$J$301,'Hisob (batafsil)'!$B$5:$B$301,$A22,'Hisob (batafsil)'!$C$5:$C$301,"E'lon va e'tirof doskalari") -> 0 | W22: =C22+E22+G22+I22+K22+L22+M22+N22+O22+P22+Q22+R22+S22+T22+U22+V22 -> 1594.375
A23: Call-markaz (XZ4) | B23: =SUMIFS('Hisob (batafsil)'!$G$5:$G$301,'Hisob (batafsil)'!$B$5:$B$301,$A23,'Hisob (batafsil)'!$C$5:$C$301,"Shisha devor") -> 7.125 | C23: =SUMIFS('Hisob (batafsil)'!$J$5:$J$301,'Hisob (batafsil)'!$B$5:$B$301,$A23,'Hisob (batafsil)'!$C$5:$C$301,"Shisha devor") -> 391.875 | D23: =SUMIFS('Hisob (batafsil)'!$G$5:$G$301,'Hisob (batafsil)'!$B$5:$B$301,$A23,'Hisob (batafsil)'!$C$5:$C$301,"Gips karton (GKL)") -> 35.925 | E23: =SUMIFS('Hisob (batafsil)'!$J$5:$J$301,'Hisob (batafsil)'!$B$5:$B$301,$A23,'Hisob (batafsil)'!$C$5:$C$301,"Gips karton (GKL)") -> 431.1 | F23: =SUMIFS('Hisob (batafsil)'!$G$5:$G$301,'Hisob (batafsil)'!$B$5:$B$301,$A23,'Hisob (batafsil)'!$C$5:$C$301,"Bambuk panel") -> 39.2 | G23: =SUMIFS('Hisob (batafsil)'!$J$5:$J$301,'Hisob (batafsil)'!$B$5:$B$301,$A23,'Hisob (batafsil)'!$C$5:$C$301,"Bambuk panel") -> 607.6 | H23: =SUMIFS('Hisob (batafsil)'!$G$5:$G$301,'Hisob (batafsil)'!$B$5:$B$301,$A23,'Hisob (batafsil)'!$C$5:$C$301,"Interaktiv doska") -> 0 | I23: =SUMIFS('Hisob (batafsil)'!$J$5:$J$301,'Hisob (batafsil)'!$B$5:$B$301,$A23,'Hisob (batafsil)'!$C$5:$C$301,"Interaktiv doska") -> 0 | J23: =SUMIFS('Hisob (batafsil)'!$G$5:$G$301,'Hisob (batafsil)'!$B$5:$B$301,$A23,'Hisob (batafsil)'!$C$5:$C$301,"Perila") -> 0 | K23: =SUMIFS('Hisob (batafsil)'!$J$5:$J$301,'Hisob (batafsil)'!$B$5:$B$301,$A23,'Hisob (batafsil)'!$C$5:$C$301,"Perila") -> 0 | L23: =SUMIFS('Hisob (batafsil)'!$J$5:$J$301,'Hisob (batafsil)'!$B$5:$B$301,$A23,'Hisob (batafsil)'!$C$5:$C$301,"Yoritish") -> 168 | M23: =SUMIFS('Hisob (batafsil)'!$J$5:$J$301,'Hisob (batafsil)'!$B$5:$B$301,$A23,'Hisob (batafsil)'!$C$5:$C$301,"Kamera tizimi") -> 0 | N23: =SUMIFS('Hisob (batafsil)'!$J$5:$J$301,'Hisob (batafsil)'!$B$5:$B$301,$A23,'Hisob (batafsil)'!$C$5:$C$301,"Logotip") -> 0 | O23: =SUMIFS('Hisob (batafsil)'!$J$5:$J$301,'Hisob (batafsil)'!$B$5:$B$301,$A23,'Hisob (batafsil)'!$C$5:$C$301,"Matli plyonka") -> 0 | P23: =SUMIFS('Hisob (batafsil)'!$J$5:$J$301,'Hisob (batafsil)'!$B$5:$B$301,$A23,'Hisob (batafsil)'!$C$5:$C$301,"Yong'in xavfsizligi") -> 0 | Q23: =SUMIFS('Hisob (batafsil)'!$J$5:$J$301,'Hisob (batafsil)'!$B$5:$B$301,$A23,'Hisob (batafsil)'!$C$5:$C$301,"Buzish ishlari") -> 0 | R23: =SUMIFS('Hisob (batafsil)'!$J$5:$J$301,'Hisob (batafsil)'!$B$5:$B$301,$A23,'Hisob (batafsil)'!$C$5:$C$301,"Santexnika") -> 0 | S23: =SUMIFS('Hisob (batafsil)'!$J$5:$J$301,'Hisob (batafsil)'!$B$5:$B$301,$A23,'Hisob (batafsil)'!$C$5:$C$301,"Kafel") -> 0 | T23: =SUMIFS('Hisob (batafsil)'!$J$5:$J$301,'Hisob (batafsil)'!$B$5:$B$301,$A23,'Hisob (batafsil)'!$C$5:$C$301,"Konditsioner va ventilyatsiya") -> 0 | U23: =SUMIFS('Hisob (batafsil)'!$J$5:$J$301,'Hisob (batafsil)'!$B$5:$B$301,$A23,'Hisob (batafsil)'!$C$5:$C$301,"Mebel va interyer") -> 0 | V23: =SUMIFS('Hisob (batafsil)'!$J$5:$J$301,'Hisob (batafsil)'!$B$5:$B$301,$A23,'Hisob (batafsil)'!$C$5:$C$301,"E'lon va e'tirof doskalari") -> 0 | W23: =C23+E23+G23+I23+K23+L23+M23+N23+O23+P23+Q23+R23+S23+T23+U23+V23 -> 1598.575
A24: CEO xonasi (12-xona) | B24: =SUMIFS('Hisob (batafsil)'!$G$5:$G$301,'Hisob (batafsil)'!$B$5:$B$301,$A24,'Hisob (batafsil)'!$C$5:$C$301,"Shisha devor") -> 0 | C24: =SUMIFS('Hisob (batafsil)'!$J$5:$J$301,'Hisob (batafsil)'!$B$5:$B$301,$A24,'Hisob (batafsil)'!$C$5:$C$301,"Shisha devor") -> 0 | D24: =SUMIFS('Hisob (batafsil)'!$G$5:$G$301,'Hisob (batafsil)'!$B$5:$B$301,$A24,'Hisob (batafsil)'!$C$5:$C$301,"Gips karton (GKL)") -> 0 | E24: =SUMIFS('Hisob (batafsil)'!$J$5:$J$301,'Hisob (batafsil)'!$B$5:$B$301,$A24,'Hisob (batafsil)'!$C$5:$C$301,"Gips karton (GKL)") -> 0 | F24: =SUMIFS('Hisob (batafsil)'!$G$5:$G$301,'Hisob (batafsil)'!$B$5:$B$301,$A24,'Hisob (batafsil)'!$C$5:$C$301,"Bambuk panel") -> 29.26 | G24: =SUMIFS('Hisob (batafsil)'!$J$5:$J$301,'Hisob (batafsil)'!$B$5:$B$301,$A24,'Hisob (batafsil)'!$C$5:$C$301,"Bambuk panel") -> 453.53 | H24: =SUMIFS('Hisob (batafsil)'!$G$5:$G$301,'Hisob (batafsil)'!$B$5:$B$301,$A24,'Hisob (batafsil)'!$C$5:$C$301,"Interaktiv doska") -> 0 | I24: =SUMIFS('Hisob (batafsil)'!$J$5:$J$301,'Hisob (batafsil)'!$B$5:$B$301,$A24,'Hisob (batafsil)'!$C$5:$C$301,"Interaktiv doska") -> 0 | J24: =SUMIFS('Hisob (batafsil)'!$G$5:$G$301,'Hisob (batafsil)'!$B$5:$B$301,$A24,'Hisob (batafsil)'!$C$5:$C$301,"Perila") -> 0 | K24: =SUMIFS('Hisob (batafsil)'!$J$5:$J$301,'Hisob (batafsil)'!$B$5:$B$301,$A24,'Hisob (batafsil)'!$C$5:$C$301,"Perila") -> 0 | L24: =SUMIFS('Hisob (batafsil)'!$J$5:$J$301,'Hisob (batafsil)'!$B$5:$B$301,$A24,'Hisob (batafsil)'!$C$5:$C$301,"Yoritish") -> 168 | M24: =SUMIFS('Hisob (batafsil)'!$J$5:$J$301,'Hisob (batafsil)'!$B$5:$B$301,$A24,'Hisob (batafsil)'!$C$5:$C$301,"Kamera tizimi") -> 0 | N24: =SUMIFS('Hisob (batafsil)'!$J$5:$J$301,'Hisob (batafsil)'!$B$5:$B$301,$A24,'Hisob (batafsil)'!$C$5:$C$301,"Logotip") -> 0 | O24: =SUMIFS('Hisob (batafsil)'!$J$5:$J$301,'Hisob (batafsil)'!$B$5:$B$301,$A24,'Hisob (batafsil)'!$C$5:$C$301,"Matli plyonka") -> 0 | P24: =SUMIFS('Hisob (batafsil)'!$J$5:$J$301,'Hisob (batafsil)'!$B$5:$B$301,$A24,'Hisob (batafsil)'!$C$5:$C$301,"Yong'in xavfsizligi") -> 0 | Q24: =SUMIFS('Hisob (batafsil)'!$J$5:$J$301,'Hisob (batafsil)'!$B$5:$B$301,$A24,'Hisob (batafsil)'!$C$5:$C$301,"Buzish ishlari") -> 0 | R24: =SUMIFS('Hisob (batafsil)'!$J$5:$J$301,'Hisob (batafsil)'!$B$5:$B$301,$A24,'Hisob (batafsil)'!$C$5:$C$301,"Santexnika") -> 0 | S24: =SUMIFS('Hisob (batafsil)'!$J$5:$J$301,'Hisob (batafsil)'!$B$5:$B$301,$A24,'Hisob (batafsil)'!$C$5:$C$301,"Kafel") -> 0 | T24: =SUMIFS('Hisob (batafsil)'!$J$5:$J$301,'Hisob (batafsil)'!$B$5:$B$301,$A24,'Hisob (batafsil)'!$C$5:$C$301,"Konditsioner va ventilyatsiya") -> 0 | U24: =SUMIFS('Hisob (batafsil)'!$J$5:$J$301,'Hisob (batafsil)'!$B$5:$B$301,$A24,'Hisob (batafsil)'!$C$5:$C$301,"Mebel va interyer") -> 0 | V24: =SUMIFS('Hisob (batafsil)'!$J$5:$J$301,'Hisob (batafsil)'!$B$5:$B$301,$A24,'Hisob (batafsil)'!$C$5:$C$301,"E'lon va e'tirof doskalari") -> 0 | W24: =C24+E24+G24+I24+K24+L24+M24+N24+O24+P24+Q24+R24+S24+T24+U24+V24 -> 621.53
A25: 2-qavat: ofis xonalari — jami | B25: =SUM(B20:B24) -> 28.25 | C25: =SUM(C20:C24) -> 1553.75 | D25: =SUM(D20:D24) -> 141.15 | E25: =SUM(E20:E24) -> 1693.8 | F25: =SUM(F20:F24) -> 186.06 | G25: =SUM(G20:G24) -> 2883.93 | H25: =SUM(H20:H24) -> 0 | I25: =SUM(I20:I24) -> 0 | ... W25: =SUM(W20:W24) -> 10781.48
A27: 2-qavat: umumiy joylar
A28: K1 koridori | B28: =SUMIFS('Hisob (batafsil)'!$G$5:$G$301,'Hisob (batafsil)'!$B$5:$B$301,$A28,'Hisob (batafsil)'!$C$5:$C$301,"Shisha devor") -> 0 | C28: =SUMIFS('Hisob (batafsil)'!$J$5:$J$301,'Hisob (batafsil)'!$B$5:$B$301,$A28,'Hisob (batafsil)'!$C$5:$C$301,"Shisha devor") -> 0 | D28: =SUMIFS('Hisob (batafsil)'!$G$5:$G$301,'Hisob (batafsil)'!$B$5:$B$301,$A28,'Hisob (batafsil)'!$C$5:$C$301,"Gips karton (GKL)") -> 52 | E28: =SUMIFS('Hisob (batafsil)'!$J$5:$J$301,'Hisob (batafsil)'!$B$5:$B$301,$A28,'Hisob (batafsil)'!$C$5:$C$301,"Gips karton (GKL)") -> 624 | F28: =SUMIFS('Hisob (batafsil)'!$G$5:$G$301,'Hisob (batafsil)'!$B$5:$B$301,$A28,'Hisob (batafsil)'!$C$5:$C$301,"Bambuk panel") -> 0 | G28: =SUMIFS('Hisob (batafsil)'!$J$5:$J$301,'Hisob (batafsil)'!$B$5:$B$301,$A28,'Hisob (batafsil)'!$C$5:$C$301,"Bambuk panel") -> 0 | H28: =SUMIFS('Hisob (batafsil)'!$G$5:$G$301,'Hisob (batafsil)'!$B$5:$B$301,$A28,'Hisob (batafsil)'!$C$5:$C$301,"Interaktiv doska") -> 0 | I28: =SUMIFS('Hisob (batafsil)'!$J$5:$J$301,'Hisob (batafsil)'!$B$5:$B$301,$A28,'Hisob (batafsil)'!$C$5:$C$301,"Interaktiv doska") -> 0 | J28: =SUMIFS('Hisob (batafsil)'!$G$5:$G$301,'Hisob (batafsil)'!$B$5:$B$301,$A28,'Hisob (batafsil)'!$C$5:$C$301,"Perila") -> 0 | K28: =SUMIFS('Hisob (batafsil)'!$J$5:$J$301,'Hisob (batafsil)'!$B$5:$B$301,$A28,'Hisob (batafsil)'!$C$5:$C$301,"Perila") -> 0 | L28: =SUMIFS('Hisob (batafsil)'!$J$5:$J$301,'Hisob (batafsil)'!$B$5:$B$301,$A28,'Hisob (batafsil)'!$C$5:$C$301,"Yoritish") -> 336 | M28: =SUMIFS('Hisob (batafsil)'!$J$5:$J$301,'Hisob (batafsil)'!$B$5:$B$301,$A28,'Hisob (batafsil)'!$C$5:$C$301,"Kamera tizimi") -> 0 | N28: =SUMIFS('Hisob (batafsil)'!$J$5:$J$301,'Hisob (batafsil)'!$B$5:$B$301,$A28,'Hisob (batafsil)'!$C$5:$C$301,"Logotip") -> 0 | O28: =SUMIFS('Hisob (batafsil)'!$J$5:$J$301,'Hisob (batafsil)'!$B$5:$B$301,$A28,'Hisob (batafsil)'!$C$5:$C$301,"Matli plyonka") -> 0 | P28: =SUMIFS('Hisob (batafsil)'!$J$5:$J$301,'Hisob (batafsil)'!$B$5:$B$301,$A28,'Hisob (batafsil)'!$C$5:$C$301,"Yong'in xavfsizligi") -> 0 | Q28: =SUMIFS('Hisob (batafsil)'!$J$5:$J$301,'Hisob (batafsil)'!$B$5:$B$301,$A28,'Hisob (batafsil)'!$C$5:$C$301,"Buzish ishlari") -> 0 | R28: =SUMIFS('Hisob (batafsil)'!$J$5:$J$301,'Hisob (batafsil)'!$B$5:$B$301,$A28,'Hisob (batafsil)'!$C$5:$C$301,"Santexnika") -> 0 | S28: =SUMIFS('Hisob (batafsil)'!$J$5:$J$301,'Hisob (batafsil)'!$B$5:$B$301,$A28,'Hisob (batafsil)'!$C$5:$C$301,"Kafel") -> 0 | T28: =SUMIFS('Hisob (batafsil)'!$J$5:$J$301,'Hisob (batafsil)'!$B$5:$B$301,$A28,'Hisob (batafsil)'!$C$5:$C$301,"Konditsioner va ventilyatsiya") -> 0 | U28: =SUMIFS('Hisob (batafsil)'!$J$5:$J$301,'Hisob (batafsil)'!$B$5:$B$301,$A28,'Hisob (batafsil)'!$C$5:$C$301,"Mebel va interyer") -> 0 | V28: =SUMIFS('Hisob (batafsil)'!$J$5:$J$301,'Hisob (batafsil)'!$B$5:$B$301,$A28,'Hisob (batafsil)'!$C$5:$C$301,"E'lon va e'tirof doskalari") -> 370 | W28: =C28+E28+G28+I28+K28+L28+M28+N28+O28+P28+Q28+R28+S28+T28+U28+V28 -> 1330
A29: K2 koridori | B29: =SUMIFS('Hisob (batafsil)'!$G$5:$G$301,'Hisob (batafsil)'!$B$5:$B$301,$A29,'Hisob (batafsil)'!$C$5:$C$301,"Shisha devor") -> 0 | C29: =SUMIFS('Hisob (batafsil)'!$J$5:$J$301,'Hisob (batafsil)'!$B$5:$B$301,$A29,'Hisob (batafsil)'!$C$5:$C$301,"Shisha devor") -> 0 | D29: =SUMIFS('Hisob (batafsil)'!$G$5:$G$301,'Hisob (batafsil)'!$B$5:$B$301,$A29,'Hisob (batafsil)'!$C$5:$C$301,"Gips karton (GKL)") -> 50.1 | E29: =SUMIFS('Hisob (batafsil)'!$J$5:$J$301,'Hisob (batafsil)'!$B$5:$B$301,$A29,'Hisob (batafsil)'!$C$5:$C$301,"Gips karton (GKL)") -> 601.2 | F29: =SUMIFS('Hisob (batafsil)'!$G$5:$G$301,'Hisob (batafsil)'!$B$5:$B$301,$A29,'Hisob (batafsil)'!$C$5:$C$301,"Bambuk panel") -> 0 | G29: =SUMIFS('Hisob (batafsil)'!$J$5:$J$301,'Hisob (batafsil)'!$B$5:$B$301,$A29,'Hisob (batafsil)'!$C$5:$C$301,"Bambuk panel") -> 0 | H29: =SUMIFS('Hisob (batafsil)'!$G$5:$G$301,'Hisob (batafsil)'!$B$5:$B$301,$A29,'Hisob (batafsil)'!$C$5:$C$301,"Interaktiv doska") -> 0 | I29: =SUMIFS('Hisob (batafsil)'!$J$5:$J$301,'Hisob (batafsil)'!$B$5:$B$301,$A29,'Hisob (batafsil)'!$C$5:$C$301,"Interaktiv doska") -> 0 | J29: =SUMIFS('Hisob (batafsil)'!$G$5:$G$301,'Hisob (batafsil)'!$B$5:$B$301,$A29,'Hisob (batafsil)'!$C$5:$C$301,"Perila") -> 0 | K29: =SUMIFS('Hisob (batafsil)'!$J$5:$J$301,'Hisob (batafsil)'!$B$5:$B$301,$A29,'Hisob (batafsil)'!$C$5:$C$301,"Perila") -> 0 | L29: =SUMIFS('Hisob (batafsil)'!$J$5:$J$301,'Hisob (batafsil)'!$B$5:$B$301,$A29,'Hisob (batafsil)'!$C$5:$C$301,"Yoritish") -> 336 | M29: =SUMIFS('Hisob (batafsil)'!$J$5:$J$301,'Hisob (batafsil)'!$B$5:$B$301,$A29,'Hisob (batafsil)'!$C$5:$C$301,"Kamera tizimi") -> 0 | N29: =SUMIFS('Hisob (batafsil)'!$J$5:$J$301,'Hisob (batafsil)'!$B$5:$B$301,$A29,'Hisob (batafsil)'!$C$5:$C$301,"Logotip") -> 0 | O29: =SUMIFS('Hisob (batafsil)'!$J$5:$J$301,'Hisob (batafsil)'!$B$5:$B$301,$A29,'Hisob (batafsil)'!$C$5:$C$301,"Matli plyonka") -> 0 | P29: =SUMIFS('Hisob (batafsil)'!$J$5:$J$301,'Hisob (batafsil)'!$B$5:$B$301,$A29,'Hisob (batafsil)'!$C$5:$C$301,"Yong'in xavfsizligi") -> 0 | Q29: =SUMIFS('Hisob (batafsil)'!$J$5:$J$301,'Hisob (batafsil)'!$B$5:$B$301,$A29,'Hisob (batafsil)'!$C$5:$C$301,"Buzish ishlari") -> 0 | R29: =SUMIFS('Hisob (batafsil)'!$J$5:$J$301,'Hisob (batafsil)'!$B$5:$B$301,$A29,'Hisob (batafsil)'!$C$5:$C$301,"Santexnika") -> 0 | S29: =SUMIFS('Hisob (batafsil)'!$J$5:$J$301,'Hisob (batafsil)'!$B$5:$B$301,$A29,'Hisob (batafsil)'!$C$5:$C$301,"Kafel") -> 0 | T29: =SUMIFS('Hisob (batafsil)'!$J$5:$J$301,'Hisob (batafsil)'!$B$5:$B$301,$A29,'Hisob (batafsil)'!$C$5:$C$301,"Konditsioner va ventilyatsiya") -> 0 | U29: =SUMIFS('Hisob (batafsil)'!$J$5:$J$301,'Hisob (batafsil)'!$B$5:$B$301,$A29,'Hisob (batafsil)'!$C$5:$C$301,"Mebel va interyer") -> 0 | V29: =SUMIFS('Hisob (batafsil)'!$J$5:$J$301,'Hisob (batafsil)'!$B$5:$B$301,$A29,'Hisob (batafsil)'!$C$5:$C$301,"E'lon va e'tirof doskalari") -> 370 | W29: =C29+E29+G29+I29+K29+L29+M29+N29+O29+P29+Q29+R29+S29+T29+U29+V29 -> 1307.2
A30: Koworking zali | B30: =SUMIFS('Hisob (batafsil)'!$G$5:$G$301,'Hisob (batafsil)'!$B$5:$B$301,$A30,'Hisob (batafsil)'!$C$5:$C$301,"Shisha devor") -> 0 | C30: =SUMIFS('Hisob (batafsil)'!$J$5:$J$301,'Hisob (batafsil)'!$B$5:$B$301,$A30,'Hisob (batafsil)'!$C$5:$C$301,"Shisha devor") -> 0 | D30: =SUMIFS('Hisob (batafsil)'!$G$5:$G$301,'Hisob (batafsil)'!$B$5:$B$301,$A30,'Hisob (batafsil)'!$C$5:$C$301,"Gips karton (GKL)") -> 9.625 | E30: =SUMIFS('Hisob (batafsil)'!$J$5:$J$301,'Hisob (batafsil)'!$B$5:$B$301,$A30,'Hisob (batafsil)'!$C$5:$C$301,"Gips karton (GKL)") -> 115.5 | F30: =SUMIFS('Hisob (batafsil)'!$G$5:$G$301,'Hisob (batafsil)'!$B$5:$B$301,$A30,'Hisob (batafsil)'!$C$5:$C$301,"Bambuk panel") -> 0 | G30: =SUMIFS('Hisob (batafsil)'!$J$5:$J$301,'Hisob (batafsil)'!$B$5:$B$301,$A30,'Hisob (batafsil)'!$C$5:$C$301,"Bambuk panel") -> 0 | H30: =SUMIFS('Hisob (batafsil)'!$G$5:$G$301,'Hisob (batafsil)'!$B$5:$B$301,$A30,'Hisob (batafsil)'!$C$5:$C$301,"Interaktiv doska") -> 0 | I30: =SUMIFS('Hisob (batafsil)'!$J$5:$J$301,'Hisob (batafsil)'!$B$5:$B$301,$A30,'Hisob (batafsil)'!$C$5:$C$301,"Interaktiv doska") -> 0 | J30: =SUMIFS('Hisob (batafsil)'!$G$5:$G$301,'Hisob (batafsil)'!$B$5:$B$301,$A30,'Hisob (batafsil)'!$C$5:$C$301,"Perila") -> 0 | K30: =SUMIFS('Hisob (batafsil)'!$J$5:$J$301,'Hisob (batafsil)'!$B$5:$B$301,$A30,'Hisob (batafsil)'!$C$5:$C$301,"Perila") -> 0 | L30: =SUMIFS('Hisob (batafsil)'!$J$5:$J$301,'Hisob (batafsil)'!$B$5:$B$301,$A30,'Hisob (batafsil)'!$C$5:$C$301,"Yoritish") -> 336 | M30: =SUMIFS('Hisob (batafsil)'!$J$5:$J$301,'Hisob (batafsil)'!$B$5:$B$301,$A30,'Hisob (batafsil)'!$C$5:$C$301,"Kamera tizimi") -> 0 | N30: =SUMIFS('Hisob (batafsil)'!$J$5:$J$301,'Hisob (batafsil)'!$B$5:$B$301,$A30,'Hisob (batafsil)'!$C$5:$C$301,"Logotip") -> 0 | O30: =SUMIFS('Hisob (batafsil)'!$J$5:$J$301,'Hisob (batafsil)'!$B$5:$B$301,$A30,'Hisob (batafsil)'!$C$5:$C$301,"Matli plyonka") -> 0 | P30: =SUMIFS('Hisob (batafsil)'!$J$5:$J$301,'Hisob (batafsil)'!$B$5:$B$301,$A30,'Hisob (batafsil)'!$C$5:$C$301,"Yong'in xavfsizligi") -> 0 | Q30: =SUMIFS('Hisob (batafsil)'!$J$5:$J$301,'Hisob (batafsil)'!$B$5:$B$301,$A30,'Hisob (batafsil)'!$C$5:$C$301,"Buzish ishlari") -> 0 | R30: =SUMIFS('Hisob (batafsil)'!$J$5:$J$301,'Hisob (batafsil)'!$B$5:$B$301,$A30,'Hisob (batafsil)'!$C$5:$C$301,"Santexnika") -> 0 | S30: =SUMIFS('Hisob (batafsil)'!$J$5:$J$301,'Hisob (batafsil)'!$B$5:$B$301,$A30,'Hisob (batafsil)'!$C$5:$C$301,"Kafel") -> 0 | T30: =SUMIFS('Hisob (batafsil)'!$J$5:$J$301,'Hisob (batafsil)'!$B$5:$B$301,$A30,'Hisob (batafsil)'!$C$5:$C$301,"Konditsioner va ventilyatsiya") -> 0 | U30: =SUMIFS('Hisob (batafsil)'!$J$5:$J$301,'Hisob (batafsil)'!$B$5:$B$301,$A30,'Hisob (batafsil)'!$C$5:$C$301,"Mebel va interyer") -> 0 | V30: =SUMIFS('Hisob (batafsil)'!$J$5:$J$301,'Hisob (batafsil)'!$B$5:$B$301,$A30,'Hisob (batafsil)'!$C$5:$C$301,"E'lon va e'tirof doskalari") -> 0 | W30: =C30+E30+G30+I30+K30+L30+M30+N30+O30+P30+Q30+R30+S30+T30+U30+V30 -> 451.5
A31: Kirish zali | B31: =SUMIFS('Hisob (batafsil)'!$G$5:$G$301,'Hisob (batafsil)'!$B$5:$B$301,$A31,'Hisob (batafsil)'!$C$5:$C$301,"Shisha devor") -> 0 | C31: =SUMIFS('Hisob (batafsil)'!$J$5:$J$301,'Hisob (batafsil)'!$B$5:$B$301,$A31,'Hisob (batafsil)'!$C$5:$C$301,"Shisha devor") -> 0 | D31: =SUMIFS('Hisob (batafsil)'!$G$5:$G$301,'Hisob (batafsil)'!$B$5:$B$301,$A31,'Hisob (batafsil)'!$C$5:$C$301,"Gips karton (GKL)") -> 9.1 | E31: =SUMIFS('Hisob (batafsil)'!$J$5:$J$301,'Hisob (batafsil)'!$B$5:$B$301,$A31,'Hisob (batafsil)'!$C$5:$C$301,"Gips karton (GKL)") -> 109.2 | F31: =SUMIFS('Hisob (batafsil)'!$G$5:$G$301,'Hisob (batafsil)'!$B$5:$B$301,$A31,'Hisob (batafsil)'!$C$5:$C$301,"Bambuk panel") -> 0 | G31: =SUMIFS('Hisob (batafsil)'!$J$5:$J$301,'Hisob (batafsil)'!$B$5:$B$301,$A31,'Hisob (batafsil)'!$C$5:$C$301,"Bambuk panel") -> 0 | H31: =SUMIFS('Hisob (batafsil)'!$G$5:$G$301,'Hisob (batafsil)'!$B$5:$B$301,$A31,'Hisob (batafsil)'!$C$5:$C$301,"Interaktiv doska") -> 0 | I31: =SUMIFS('Hisob (batafsil)'!$J$5:$J$301,'Hisob (batafsil)'!$B$5:$B$301,$A31,'Hisob (batafsil)'!$C$5:$C$301,"Interaktiv doska") -> 0 | J31: =SUMIFS('Hisob (batafsil)'!$G$5:$G$301,'Hisob (batafsil)'!$B$5:$B$301,$A31,'Hisob (batafsil)'!$C$5:$C$301,"Perila") -> 0 | K31: =SUMIFS('Hisob (batafsil)'!$J$5:$J$301,'Hisob (batafsil)'!$B$5:$B$301,$A31,'Hisob (batafsil)'!$C$5:$C$301,"Perila") -> 0 | L31: =SUMIFS('Hisob (batafsil)'!$J$5:$J$301,'Hisob (batafsil)'!$B$5:$B$301,$A31,'Hisob (batafsil)'!$C$5:$C$301,"Yoritish") -> 0 | M31: =SUMIFS('Hisob (batafsil)'!$J$5:$J$301,'Hisob (batafsil)'!$B$5:$B$301,$A31,'Hisob (batafsil)'!$C$5:$C$301,"Kamera tizimi") -> 0 | N31: =SUMIFS('Hisob (batafsil)'!$J$5:$J$301,'Hisob (batafsil)'!$B$5:$B$301,$A31,'Hisob (batafsil)'!$C$5:$C$301,"Logotip") -> 0 | O31: =SUMIFS('Hisob (batafsil)'!$J$5:$J$301,'Hisob (batafsil)'!$B$5:$B$301,$A31,'Hisob (batafsil)'!$C$5:$C$301,"Matli plyonka") -> 0 | P31: =SUMIFS('Hisob (batafsil)'!$J$5:$J$301,'Hisob (batafsil)'!$B$5:$B$301,$A31,'Hisob (batafsil)'!$C$5:$C$301,"Yong'in xavfsizligi") -> 0 | Q31: =SUMIFS('Hisob (batafsil)'!$J$5:$J$301,'Hisob (batafsil)'!$B$5:$B$301,$A31,'Hisob (batafsil)'!$C$5:$C$301,"Buzish ishlari") -> 0 | R31: =SUMIFS('Hisob (batafsil)'!$J$5:$J$301,'Hisob (batafsil)'!$B$5:$B$301,$A31,'Hisob (batafsil)'!$C$5:$C$301,"Santexnika") -> 0 | S31: =SUMIFS('Hisob (batafsil)'!$J$5:$J$301,'Hisob (batafsil)'!$B$5:$B$301,$A31,'Hisob (batafsil)'!$C$5:$C$301,"Kafel") -> 0 | T31: =SUMIFS('Hisob (batafsil)'!$J$5:$J$301,'Hisob (batafsil)'!$B$5:$B$301,$A31,'Hisob (batafsil)'!$C$5:$C$301,"Konditsioner va ventilyatsiya") -> 0 | U31: =SUMIFS('Hisob (batafsil)'!$J$5:$J$301,'Hisob (batafsil)'!$B$5:$B$301,$A31,'Hisob (batafsil)'!$C$5:$C$301,"Mebel va interyer") -> 0 | V31: =SUMIFS('Hisob (batafsil)'!$J$5:$J$301,'Hisob (batafsil)'!$B$5:$B$301,$A31,'Hisob (batafsil)'!$C$5:$C$301,"E'lon va e'tirof doskalari") -> 0 | W31: =C31+E31+G31+I31+K31+L31+M31+N31+O31+P31+Q31+R31+S31+T31+U31+V31 -> 109.2
A32: Zinapoya | B32: =SUMIFS('Hisob (batafsil)'!$G$5:$G$301,'Hisob (batafsil)'!$B$5:$B$301,$A32,'Hisob (batafsil)'!$C$5:$C$301,"Shisha devor") -> 0 | C32: =SUMIFS('Hisob (batafsil)'!$J$5:$J$301,'Hisob (batafsil)'!$B$5:$B$301,$A32,'Hisob (batafsil)'!$C$5:$C$301,"Shisha devor") -> 0 | D32: =SUMIFS('Hisob (batafsil)'!$G$5:$G$301,'Hisob (batafsil)'!$B$5:$B$301,$A32,'Hisob (batafsil)'!$C$5:$C$301,"Gips karton (GKL)") -> 0 | E32: =SUMIFS('Hisob (batafsil)'!$J$5:$J$301,'Hisob (batafsil)'!$B$5:$B$301,$A32,'Hisob (batafsil)'!$C$5:$C$301,"Gips karton (GKL)") -> 0 | F32: =SUMIFS('Hisob (batafsil)'!$G$5:$G$301,'Hisob (batafsil)'!$B$5:$B$301,$A32,'Hisob (batafsil)'!$C$5:$C$301,"Bambuk panel") -> 0 | G32: =SUMIFS('Hisob (batafsil)'!$J$5:$J$301,'Hisob (batafsil)'!$B$5:$B$301,$A32,'Hisob (batafsil)'!$C$5:$C$301,"Bambuk panel") -> 0 | H32: =SUMIFS('Hisob (batafsil)'!$G$5:$G$301,'Hisob (batafsil)'!$B$5:$B$301,$A32,'Hisob (batafsil)'!$C$5:$C$301,"Interaktiv doska") -> 0 | I32: =SUMIFS('Hisob (batafsil)'!$J$5:$J$301,'Hisob (batafsil)'!$B$5:$B$301,$A32,'Hisob (batafsil)'!$C$5:$C$301,"Interaktiv doska") -> 0 | J32: =SUMIFS('Hisob (batafsil)'!$G$5:$G$301,'Hisob (batafsil)'!$B$5:$B$301,$A32,'Hisob (batafsil)'!$C$5:$C$301,"Perila") -> 24 | K32: =SUMIFS('Hisob (batafsil)'!$J$5:$J$301,'Hisob (batafsil)'!$B$5:$B$301,$A32,'Hisob (batafsil)'!$C$5:$C$301,"Perila") -> 2016 | L32: =SUMIFS('Hisob (batafsil)'!$J$5:$J$301,'Hisob (batafsil)'!$B$5:$B$301,$A32,'Hisob (batafsil)'!$C$5:$C$301,"Yoritish") -> 0 | M32: =SUMIFS('Hisob (batafsil)'!$J$5:$J$301,'Hisob (batafsil)'!$B$5:$B$301,$A32,'Hisob (batafsil)'!$C$5:$C$301,"Kamera tizimi") -> 0 | N32: =SUMIFS('Hisob (batafsil)'!$J$5:$J$301,'Hisob (batafsil)'!$B$5:$B$301,$A32,'Hisob (batafsil)'!$C$5:$C$301,"Logotip") -> 0 | O32: =SUMIFS('Hisob (batafsil)'!$J$5:$J$301,'Hisob (batafsil)'!$B$5:$B$301,$A32,'Hisob (batafsil)'!$C$5:$C$301,"Matli plyonka") -> 0 | P32: =SUMIFS('Hisob (batafsil)'!$J$5:$J$301,'Hisob (batafsil)'!$B$5:$B$301,$A32,'Hisob (batafsil)'!$C$5:$C$301,"Yong'in xavfsizligi") -> 0 | Q32: =SUMIFS('Hisob (batafsil)'!$J$5:$J$301,'Hisob (batafsil)'!$B$5:$B$301,$A32,'Hisob (batafsil)'!$C$5:$C$301,"Buzish ishlari") -> 0 | R32: =SUMIFS('Hisob (batafsil)'!$J$5:$J$301,'Hisob (batafsil)'!$B$5:$B$301,$A32,'Hisob (batafsil)'!$C$5:$C$301,"Santexnika") -> 0 | S32: =SUMIFS('Hisob (batafsil)'!$J$5:$J$301,'Hisob (batafsil)'!$B$5:$B$301,$A32,'Hisob (batafsil)'!$C$5:$C$301,"Kafel") -> 0 | T32: =SUMIFS('Hisob (batafsil)'!$J$5:$J$301,'Hisob (batafsil)'!$B$5:$B$301,$A32,'Hisob (batafsil)'!$C$5:$C$301,"Konditsioner va ventilyatsiya") -> 0 | U32: =SUMIFS('Hisob (batafsil)'!$J$5:$J$301,'Hisob (batafsil)'!$B$5:$B$301,$A32,'Hisob (batafsil)'!$C$5:$C$301,"Mebel va interyer") -> 0 | V32: =SUMIFS('Hisob (batafsil)'!$J$5:$J$301,'Hisob (batafsil)'!$B$5:$B$301,$A32,'Hisob (batafsil)'!$C$5:$C$301,"E'lon va e'tirof doskalari") -> 0 | W32: =C32+E32+G32+I32+K32+L32+M32+N32+O32+P32+Q32+R32+S32+T32+U32+V32 -> 2016
A33: Butun qavat (umumiy ishlar) | B33: =SUMIFS('Hisob (batafsil)'!$G$5:$G$301,'Hisob (batafsil)'!$B$5:$B$301,$A33,'Hisob (batafsil)'!$C$5:$C$301,"Shisha devor") -> 0 | C33: =SUMIFS('Hisob (batafsil)'!$J$5:$J$301,'Hisob (batafsil)'!$B$5:$B$301,$A33,'Hisob (batafsil)'!$C$5:$C$301,"Shisha devor") -> 0 | D33: =SUMIFS('Hisob (batafsil)'!$G$5:$G$301,'Hisob (batafsil)'!$B$5:$B$301,$A33,'Hisob (batafsil)'!$C$5:$C$301,"Gips karton (GKL)") -> 0 | E33: =SUMIFS('Hisob (batafsil)'!$J$5:$J$301,'Hisob (batafsil)'!$B$5:$B$301,$A33,'Hisob (batafsil)'!$C$5:$C$301,"Gips karton (GKL)") -> 0 | F33: =SUMIFS('Hisob (batafsil)'!$G$5:$G$301,'Hisob (batafsil)'!$B$5:$B$301,$A33,'Hisob (batafsil)'!$C$5:$C$301,"Bambuk panel") -> 0 | G33: =SUMIFS('Hisob (batafsil)'!$J$5:$J$301,'Hisob (batafsil)'!$B$5:$B$301,$A33,'Hisob (batafsil)'!$C$5:$C$301,"Bambuk panel") -> 0 | H33: =SUMIFS('Hisob (batafsil)'!$G$5:$G$301,'Hisob (batafsil)'!$B$5:$B$301,$A33,'Hisob (batafsil)'!$C$5:$C$301,"Interaktiv doska") -> 0 | I33: =SUMIFS('Hisob (batafsil)'!$J$5:$J$301,'Hisob (batafsil)'!$B$5:$B$301,$A33,'Hisob (batafsil)'!$C$5:$C$301,"Interaktiv doska") -> 0 | J33: =SUMIFS('Hisob (batafsil)'!$G$5:$G$301,'Hisob (batafsil)'!$B$5:$B$301,$A33,'Hisob (batafsil)'!$C$5:$C$301,"Perila") -> 0 | K33: =SUMIFS('Hisob (batafsil)'!$J$5:$J$301,'Hisob (batafsil)'!$B$5:$B$301,$A33,'Hisob (batafsil)'!$C$5:$C$301,"Perila") -> 0 | L33: =SUMIFS('Hisob (batafsil)'!$J$5:$J$301,'Hisob (batafsil)'!$B$5:$B$301,$A33,'Hisob (batafsil)'!$C$5:$C$301,"Yoritish") -> 0 | M33: =SUMIFS('Hisob (batafsil)'!$J$5:$J$301,'Hisob (batafsil)'!$B$5:$B$301,$A33,'Hisob (batafsil)'!$C$5:$C$301,"Kamera tizimi") -> 2119 | N33: =SUMIFS('Hisob (batafsil)'!$J$5:$J$301,'Hisob (batafsil)'!$B$5:$B$301,$A33,'Hisob (batafsil)'!$C$5:$C$301,"Logotip") -> 2500 | O33: =SUMIFS('Hisob (batafsil)'!$J$5:$J$301,'Hisob (batafsil)'!$B$5:$B$301,$A33,'Hisob (batafsil)'!$C$5:$C$301,"Matli plyonka") -> 537.81513 | P33: =SUMIFS('Hisob (batafsil)'!$J$5:$J$301,'Hisob (batafsil)'!$B$5:$B$301,$A33,'Hisob (batafsil)'!$C$5:$C$301,"Yong'in xavfsizligi") -> 1512.605 | Q33: =SUMIFS('Hisob (batafsil)'!$J$5:$J$301,'Hisob (batafsil)'!$B$5:$B$301,$A33,'Hisob (batafsil)'!$C$5:$C$301,"Buzish ishlari") -> 451.57563 | R33: =SUMIFS('Hisob (batafsil)'!$J$5:$J$301,'Hisob (batafsil)'!$B$5:$B$301,$A33,'Hisob (batafsil)'!$C$5:$C$301,"Santexnika") -> 0 | S33: =SUMIFS('Hisob (batafsil)'!$J$5:$J$301,'Hisob (batafsil)'!$B$5:$B$301,$A33,'Hisob (batafsil)'!$C$5:$C$301,"Kafel") -> 0 | T33: =SUMIFS('Hisob (batafsil)'!$J$5:$J$301,'Hisob (batafsil)'!$B$5:$B$301,$A33,'Hisob (batafsil)'!$C$5:$C$301,"Konditsioner va ventilyatsiya") -> 14000 | U33: =SUMIFS('Hisob (batafsil)'!$J$5:$J$301,'Hisob (batafsil)'!$B$5:$B$301,$A33,'Hisob (batafsil)'!$C$5:$C$301,"Mebel va interyer") -> 0 | V33: =SUMIFS('Hisob (batafsil)'!$J$5:$J$301,'Hisob (batafsil)'!$B$5:$B$301,$A33,'Hisob (batafsil)'!$C$5:$C$301,"E'lon va e'tirof doskalari") -> 0 | W33: =C33+E33+G33+I33+K33+L33+M33+N33+O33+P33+Q33+R33+S33+T33+U33+V33 -> 21120.996
A34: 2-qavat: umumiy joylar — jami | B34: =SUM(B28:B33) -> 0 | C34: =SUM(C28:C33) -> 0 | D34: =SUM(D28:D33) -> 120.825 | E34: =SUM(E28:E33) -> 1449.9 | F34: =SUM(F28:F33) -> 0 | G34: =SUM(G28:G33) -> 0 | H34: =SUM(H28:H33) -> 0 | I34: =SUM(I28:I33) -> 0 | ... W34: =SUM(W28:W33) -> 26334.896
A36: 3-qavat va hojatxonalar
A37: 3-qavat 5-xona — o'quv xonasi (24 o'rin) | B37: =SUMIFS('Hisob (batafsil)'!$G$5:$G$301,'Hisob (batafsil)'!$B$5:$B$301,$A37,'Hisob (batafsil)'!$C$5:$C$301,"Shisha devor") -> 0 | C37: =SUMIFS('Hisob (batafsil)'!$J$5:$J$301,'Hisob (batafsil)'!$B$5:$B$301,$A37,'Hisob (batafsil)'!$C$5:$C$301,"Shisha devor") -> 0 | D37: =SUMIFS('Hisob (batafsil)'!$G$5:$G$301,'Hisob (batafsil)'!$B$5:$B$301,$A37,'Hisob (batafsil)'!$C$5:$C$301,"Gips karton (GKL)") -> 0 | E37: =SUMIFS('Hisob (batafsil)'!$J$5:$J$301,'Hisob (batafsil)'!$B$5:$B$301,$A37,'Hisob (batafsil)'!$C$5:$C$301,"Gips karton (GKL)") -> 0 | F37: =SUMIFS('Hisob (batafsil)'!$G$5:$G$301,'Hisob (batafsil)'!$B$5:$B$301,$A37,'Hisob (batafsil)'!$C$5:$C$301,"Bambuk panel") -> 46.86 | G37: =SUMIFS('Hisob (batafsil)'!$J$5:$J$301,'Hisob (batafsil)'!$B$5:$B$301,$A37,'Hisob (batafsil)'!$C$5:$C$301,"Bambuk panel") -> 726.33 | H37: =SUMIFS('Hisob (batafsil)'!$G$5:$G$301,'Hisob (batafsil)'!$B$5:$B$301,$A37,'Hisob (batafsil)'!$C$5:$C$301,"Interaktiv doska") -> 1 | I37: =SUMIFS('Hisob (batafsil)'!$J$5:$J$301,'Hisob (batafsil)'!$B$5:$B$301,$A37,'Hisob (batafsil)'!$C$5:$C$301,"Interaktiv doska") -> 1032 | J37: =SUMIFS('Hisob (batafsil)'!$G$5:$G$301,'Hisob (batafsil)'!$B$5:$B$301,$A37,'Hisob (batafsil)'!$C$5:$C$301,"Perila") -> 0 | K37: =SUMIFS('Hisob (batafsil)'!$J$5:$J$301,'Hisob (batafsil)'!$B$5:$B$301,$A37,'Hisob (batafsil)'!$C$5:$C$301,"Perila") -> 0 | L37: =SUMIFS('Hisob (batafsil)'!$J$5:$J$301,'Hisob (batafsil)'!$B$5:$B$301,$A37,'Hisob (batafsil)'!$C$5:$C$301,"Yoritish") -> 0 | M37: =SUMIFS('Hisob (batafsil)'!$J$5:$J$301,'Hisob (batafsil)'!$B$5:$B$301,$A37,'Hisob (batafsil)'!$C$5:$C$301,"Kamera tizimi") -> 0 | N37: =SUMIFS('Hisob (batafsil)'!$J$5:$J$301,'Hisob (batafsil)'!$B$5:$B$301,$A37,'Hisob (batafsil)'!$C$5:$C$301,"Logotip") -> 0 | O37: =SUMIFS('Hisob (batafsil)'!$J$5:$J$301,'Hisob (batafsil)'!$B$5:$B$301,$A37,'Hisob (batafsil)'!$C$5:$C$301,"Matli plyonka") -> 0 | P37: =SUMIFS('Hisob (batafsil)'!$J$5:$J$301,'Hisob (batafsil)'!$B$5:$B$301,$A37,'Hisob (batafsil)'!$C$5:$C$301,"Yong'in xavfsizligi") -> 0 | Q37: =SUMIFS('Hisob (batafsil)'!$J$5:$J$301,'Hisob (batafsil)'!$B$5:$B$301,$A37,'Hisob (batafsil)'!$C$5:$C$301,"Buzish ishlari") -> 0 | R37: =SUMIFS('Hisob (batafsil)'!$J$5:$J$301,'Hisob (batafsil)'!$B$5:$B$301,$A37,'Hisob (batafsil)'!$C$5:$C$301,"Santexnika") -> 0 | S37: =SUMIFS('Hisob (batafsil)'!$J$5:$J$301,'Hisob (batafsil)'!$B$5:$B$301,$A37,'Hisob (batafsil)'!$C$5:$C$301,"Kafel") -> 0 | T37: =SUMIFS('Hisob (batafsil)'!$J$5:$J$301,'Hisob (batafsil)'!$B$5:$B$301,$A37,'Hisob (batafsil)'!$C$5:$C$301,"Konditsioner va ventilyatsiya") -> 1000 | U37: =SUMIFS('Hisob (batafsil)'!$J$5:$J$301,'Hisob (batafsil)'!$B$5:$B$301,$A37,'Hisob (batafsil)'!$C$5:$C$301,"Mebel va interyer") -> 0 | V37: =SUMIFS('Hisob (batafsil)'!$J$5:$J$301,'Hisob (batafsil)'!$B$5:$B$301,$A37,'Hisob (batafsil)'!$C$5:$C$301,"E'lon va e'tirof doskalari") -> 0 | W37: =C37+E37+G37+I37+K37+L37+M37+N37+O37+P37+Q37+R37+S37+T37+U37+V37 -> 2758.33
A38: Hojatxonalar (3-qavat erkaklar, 2-qavat ayollar) | B38: =SUMIFS('Hisob (batafsil)'!$G$5:$G$301,'Hisob (batafsil)'!$B$5:$B$301,$A38,'Hisob (batafsil)'!$C$5:$C$301,"Shisha devor") -> 0 | C38: =SUMIFS('Hisob (batafsil)'!$J$5:$J$301,'Hisob (batafsil)'!$B$5:$B$301,$A38,'Hisob (batafsil)'!$C$5:$C$301,"Shisha devor") -> 0 | D38: =SUMIFS('Hisob (batafsil)'!$G$5:$G$301,'Hisob (batafsil)'!$B$5:$B$301,$A38,'Hisob (batafsil)'!$C$5:$C$301,"Gips karton (GKL)") -> 0 | E38: =SUMIFS('Hisob (batafsil)'!$J$5:$J$301,'Hisob (batafsil)'!$B$5:$B$301,$A38,'Hisob (batafsil)'!$C$5:$C$301,"Gips karton (GKL)") -> 0 | F38: =SUMIFS('Hisob (batafsil)'!$G$5:$G$301,'Hisob (batafsil)'!$B$5:$B$301,$A38,'Hisob (batafsil)'!$C$5:$C$301,"Bambuk panel") -> 0 | G38: =SUMIFS('Hisob (batafsil)'!$J$5:$J$301,'Hisob (batafsil)'!$B$5:$B$301,$A38,'Hisob (batafsil)'!$C$5:$C$301,"Bambuk panel") -> 0 | H38: =SUMIFS('Hisob (batafsil)'!$G$5:$G$301,'Hisob (batafsil)'!$B$5:$B$301,$A38,'Hisob (batafsil)'!$C$5:$C$301,"Interaktiv doska") -> 0 | I38: =SUMIFS('Hisob (batafsil)'!$J$5:$J$301,'Hisob (batafsil)'!$B$5:$B$301,$A38,'Hisob (batafsil)'!$C$5:$C$301,"Interaktiv doska") -> 0 | J38: =SUMIFS('Hisob (batafsil)'!$G$5:$G$301,'Hisob (batafsil)'!$B$5:$B$301,$A38,'Hisob (batafsil)'!$C$5:$C$301,"Perila") -> 0 | K38: =SUMIFS('Hisob (batafsil)'!$J$5:$J$301,'Hisob (batafsil)'!$B$5:$B$301,$A38,'Hisob (batafsil)'!$C$5:$C$301,"Perila") -> 0 | L38: =SUMIFS('Hisob (batafsil)'!$J$5:$J$301,'Hisob (batafsil)'!$B$5:$B$301,$A38,'Hisob (batafsil)'!$C$5:$C$301,"Yoritish") -> 0 | M38: =SUMIFS('Hisob (batafsil)'!$J$5:$J$301,'Hisob (batafsil)'!$B$5:$B$301,$A38,'Hisob (batafsil)'!$C$5:$C$301,"Kamera tizimi") -> 0 | N38: =SUMIFS('Hisob (batafsil)'!$J$5:$J$301,'Hisob (batafsil)'!$B$5:$B$301,$A38,'Hisob (batafsil)'!$C$5:$C$301,"Logotip") -> 0 | O38: =SUMIFS('Hisob (batafsil)'!$J$5:$J$301,'Hisob (batafsil)'!$B$5:$B$301,$A38,'Hisob (batafsil)'!$C$5:$C$301,"Matli plyonka") -> 0 | P38: =SUMIFS('Hisob (batafsil)'!$J$5:$J$301,'Hisob (batafsil)'!$B$5:$B$301,$A38,'Hisob (batafsil)'!$C$5:$C$301,"Yong'in xavfsizligi") -> 0 | Q38: =SUMIFS('Hisob (batafsil)'!$J$5:$J$301,'Hisob (batafsil)'!$B$5:$B$301,$A38,'Hisob (batafsil)'!$C$5:$C$301,"Buzish ishlari") -> 0 | R38: =SUMIFS('Hisob (batafsil)'!$J$5:$J$301,'Hisob (batafsil)'!$B$5:$B$301,$A38,'Hisob (batafsil)'!$C$5:$C$301,"Santexnika") -> 3393.2773 | S38: =SUMIFS('Hisob (batafsil)'!$J$5:$J$301,'Hisob (batafsil)'!$B$5:$B$301,$A38,'Hisob (batafsil)'!$C$5:$C$301,"Kafel") -> 1243.6975 | T38: =SUMIFS('Hisob (batafsil)'!$J$5:$J$301,'Hisob (batafsil)'!$B$5:$B$301,$A38,'Hisob (batafsil)'!$C$5:$C$301,"Konditsioner va ventilyatsiya") -> 0 | U38: =SUMIFS('Hisob (batafsil)'!$J$5:$J$301,'Hisob (batafsil)'!$B$5:$B$301,$A38,'Hisob (batafsil)'!$C$5:$C$301,"Mebel va interyer") -> 0 | V38: =SUMIFS('Hisob (batafsil)'!$J$5:$J$301,'Hisob (batafsil)'!$B$5:$B$301,$A38,'Hisob (batafsil)'!$C$5:$C$301,"E'lon va e'tirof doskalari") -> 0 | W38: =C38+E38+G38+I38+K38+L38+M38+N38+O38+P38+Q38+R38+S38+T38+U38+V38 -> 4636.9748
A39: 3-qavat va hojatxonalar — jami | B39: =SUM(B37:B38) -> 0 | C39: =SUM(C37:C38) -> 0 | D39: =SUM(D37:D38) -> 0 | E39: =SUM(E37:E38) -> 0 | F39: =SUM(F37:F38) -> 46.86 | G39: =SUM(G37:G38) -> 726.33 | H39: =SUM(H37:H38) -> 1 | I39: =SUM(I37:I38) -> 1032 | ... W39: =SUM(W37:W38) -> 7395.3048
A41: JAMI | B41: =B7+B17+B25+B34+B39 -> 90.75 | C41: =C7+C17+C25+C34+C39 -> 4991.25 | D41: =D7+D17+D25+D34+D39 -> 428.9 | E41: =E7+E17+E25+E34+E39 -> 5146.8 | F41: =F7+F17+F25+F34+F39 -> 606.72 | G41: =G7+G17+G25+G34+G39 -> 9404.16 | H41: =H7+H17+H25+H34+H39 -> 8 | I41: =I7+I17+I25+I34+I39 -> 8256 | ... W41: =W7+W17+W25+W34+W39 -> 67576.181
A42: ="Kutilmagan xarajatlar ("&TEXT(Narxlar!$C$70,"0%")&" — «Narxlar» varag'idan)" -> Kutilmagan xarajatlar (10% — «Narxlar» varag'idan) | W42: =W41*Narxlar!$C$70 -> 6757.6181
A43: UMUMIY JAMI (kutilmagan xarajatlar bilan), $ | W43: =W41+W42 -> 74333.799
A44: UMUMIY JAMI, so'm (kurs bo'yicha) | W44: =W43*Narxlar!$C$19 -> 8.845722e+08
A46: Tekshiruv: batafsil varaqdagi jami bilan farq (0 bo'lishi kerak) | W46: =W41-'Hisob (batafsil)'!J302 -> 0

Sheet Narxlar
A1: PDP Academy · Xadra filiali (1, 2 va 3-qavat): narxlar va o'lchamlar
A2: Sariq kataklardagi narx va balandliklarni o'zgartirsangiz, «Hisob (batafsil)» va «Xonalar bo'yicha» varaqlari avtomatik qayta hisoblanadi.
A4: № | B4: Ko'rsatkich | C4: Qiymat | D4: Birlik | E4: Manba / izoh
A5: 1 | B5: Shisha devor | C5: 55 | D5: $/m² | E5: Buyurtmachi
A6: 2 | B6: Gips karton devor (bir tomoni) | C6: 12 | D6: $/m² | E6: Buyurtmachi; devorning har tomoni alohida hisoblanadi
A7: 3 | B7: Bambuk panel | C7: 15.5 | D7: $/m² | E7: Buyurtmachi
A8: 4 | B8: Interaktiv doska | C8: 1032 | D8: $/dona | E8: Buyurtmachi; 7 ta shu qavat sinflariga + 1 ta yuqori qavatdagi sinfga = 8 ta
A9: 5 | B9: Perila | C9: 84 | D9: $/m | E9: Buyurtmachi
A10: 6 | B10: Perila uzunligi | C10: 24 | D10: m | E10: Buyurtmachi
A11: 7 | B11: Yoritish — koridor va koworking (har biriga) | C11: 336 | D11: $/joy | E11: Buyurtmachi: K1, K2 koridorlari va koworking zali
A12: 8 | B12: Yoritish — xona (har biriga) | C12: 168 | D12: $/xona | E12: Buyurtmachi: 7 ta o'quv xonasi, 4 ta ofis xonasi va CEO xonasi
A13: 9 | B13: Videokamera | C13: 40 | D13: $/dona | E13: Buyurtmachi
A14: 10 | B14: Videokameralar soni | C14: 16 | D14: dona | E14: Buyurtmachi
A15: 11 | B15: Kamera o'rnatish (har biri) | C15: 21 | D15: $/dona | E15: Buyurtmachi
A16: 12 | B16: NVR (videoregistrator) | C16: 840 | D16: $/dona | E16: Buyurtmachi
... A72: 68 | B72: Shisha qism balandligi | C72: 2.5 | D72: m | E72: Buyurtmachi
A73: 69 | B73: Shisha ustidagi GKL | C73: =C71-C72 -> 1 | D73: m | E73: Hisob: devor balandligi − shisha
A74: 70 | B74: Eshik balandligi | C74: 2.1 | D74: m | E74: Taxmin: standart eshik 900 × 2100
A75: 71 | B75: Eshik ustidagi GKL | C75: =C71-C74 -> 1.4 | D75: m | E75: Hisob: devor balandligi − eshik
A76: 72 | B76: Eshik eni | C76: 0.9 | D76: m | E76: Chizmadan
A77: 73 | B77: Bambuk panel balandligi | C77: =C71 -> 3.5 | D77: m | E77: Taxmin: poldan shiftgacha. Pastroq bo'lsa, shu katakka raqam yozing
A78: 74 | B78: Bambuk panel balandligi — yuqori qavat o'quv xonasi | C78: 2.5 | D78: m | E78: Buyurtmachi
B80: Hisoblash qoidalari
B81: • Gips karton (GKL) devor: uzunlik × balandlik. Devorning har bir tomoni o'zi qaragan xonaga yoziladi (xona tomoni — xonaga, koridor tomoni — koridorga).
B82: • Shisha devor: shisha qism (2.5 m) xonaga yoziladi; ustidagi GKL (1 m) ikki tomonlama — xona va koridor tomoni alohida.
B83: • Eshiklar shisha: eshik (2.1 m) va ustidagi shisha (0.4 m) — 2.5 m gacha shisha narxida; ustida 1 m GKL ikki tomondan. Eshik furniturasi (ilgak, qulf, tutqich, dovodchik) kirmagan.
B84: • Bambuk panel, poldan shiftgacha: o'quv xonalarida doska devori va orqa devor (interaktiv doska orqasi ayirilmagan); ofis xonalarida ikkala uzun yon devor; CEO xonasida ikkita ichki kar devor, eshik o'rni ayiriladi. Derazali tashqi va shisha devorlarga qilinmaydi.
B85: • Yuqori qavat o'quv xonasi (5.45 × 8.60 m, buyurtmachi chizmasi): bambuk panel 3 devorga, 2.5 m balandlikda — doska devori, orqa devor va eshikli uzun devor (eshik o'rni ayiriladi); derazali uzun devorga qilinmaydi.
B86: • Interaktiv doska: 7 ta shu qavat sinflariga va 1 ta yuqori qavatdagi o'quv xonasiga — jami 8 ta.
B87: • Perila: buyurtmachi bergan uzunlik (24 m), «Zinapoya» qatorida.
B88: • Uzunliklar chizma v1.1 dan (mavjud holat chizmasining fotosi asosida) — ish boshlanishidan oldin joyida o'lchanadi.
B89: • Yoritish: koridorlar (K1, K2) va koworking zaliga 336 $ dan, o'quv xonalari (7), ofis xonalari (4) va CEO xonasiga 168 $ dan. Kirish zali, WC va yuqori qavat xonasi kiritilmagan.
B90: • Videokuzatuv: 16 ta kamera (40 $) va o'rnatish (21 $ dan), NVR, kabellar jami; logotiplar jami — «Butun qavat» qatorida.
B91: • So'mdagi narxlar (matli plyonka, yong'in xavfsizligi, devor buzish va chiqindi) «Dollar kursi» katagi bo'yicha (11 900 so'm/$) $ ga o'tkaziladi.
... B100: Ranglar: ko'k — qo'lda kiritilgan qiymat; yashil — boshqa varaqdan olingan; qora — formula; sariq fon — o'zgartirish mumkin bo'lgan kataklar.

Sheet Hisob (batafsil)
A1: PDP Academy · Xadra filiali (1, 2 va 3-qavat): xarajatlar hisobi, xonalar bo'yicha batafsil
A2: Uzunliklar chizmadan (m). Balandlik va narx «Narxlar» varag'idan olinadi (yashil). Miqdor = uzunlik × balandlik; summa = miqdor × narx.
A4: № | B4: Xona | C4: Ish turi | D4: Joyi / izoh | E4: Uzunlik, m | F4: Balandlik, m | G4: Miqdor | H4: Birlik | I4: Narx, $ | J4: Summa, $
A5: 1-qavat — kirish zali (resepshn, turniket)
A6: 1 | B6: 1-qavat — kirish zali (resepshn, turniket) | C6: Logotip | D6: Resepshn orqasidagi o'ng devorda yorituvchi logotip | G6: 1 | H6: dona | I6: =Narxlar!$C$67 -> 500 | J6: =G6*I6 -> 500
A7: 2 | B7: 1-qavat — kirish zali (resepshn, turniket) | C7: Logotip | D7: Resepshn stoykasining zal tomonidagi panelidagi logotip | G7: 1 | H7: dona | I7: =Narxlar!$C$68 -> 250 | J7: =G7*I7 -> 250
A8: 3 | B8: 1-qavat — kirish zali (resepshn, turniket) | C8: Mebel va interyer | D8: Resepshn stoykasi (buyurtma asosida) | G8: 1 | H8: dona | I8: =Narxlar!$C$65 -> 1500 | J8: =G8*I8 -> 1500
A9: 4 | B9: 1-qavat — kirish zali (resepshn, turniket) | C9: Mebel va interyer | D9: Resepshn to'siq panellari va xodim eshikchasi (L shaklida) | G9: 1 | H9: komplekt | I9: =Narxlar!$C$66 -> 500 | J9: =G9*I9 -> 500
A10: 5 | B10: 1-qavat — kirish zali (resepshn, turniket) | C10: Mebel va interyer | D10: Resepshn xodimi kreslosi | G10: 1 | H10: dona | I10: =Narxlar!$C$56 -> 130 | J10: =G10*I10 -> 130
A11: 6 | B11: 1-qavat — kirish zali (resepshn, turniket) | C11: Mebel va interyer | D11: Mehmonlar divani | G11: 1 | H11: dona | I11: =Narxlar!$C$58 -> 450 | J11: =G11*I11 -> 450
A12: 7 | B12: 1-qavat — kirish zali (resepshn, turniket) | C12: Mebel va interyer | D12: Jurnal stolchasi | G12: 1 | H12: dona | I12: =Narxlar!$C$60 -> 100 | J12: =G12*I12 -> 100
D13: Jami: 1-qavat — kirish zali (resepshn, turniket) | J13: =SUM(J6:J12) -> 3430
A15: 1-xona
A16: 8 | B16: 1-xona | C16: Shisha devor | D16: Shisha devor (K1 koridori tomoni) | E16: 4.6 | F16: =Narxlar!$C$72 -> 2.5 | G16: =E16*F16 -> 11.5 | H16: m² | I16: =Narxlar!$C$5 -> 55 | J16: =G16*I16 -> 632.5
A17: 9 | B17: 1-xona | C17: Shisha devor | D17: Shisha eshik va ustidagi shisha (K1 koridori tomoni) | E17: =Narxlar!$C$76 -> 0.9 | F17: =Narxlar!$C$72 -> 2.5 | G17: =E17*F17 -> 2.25 | H17: m² | I17: =Narxlar!$C$5 -> 55 | J17: =G17*I17 -> 123.75
A18: 10 | B18: 1-xona | C18: Gips karton (GKL) | D18: Koworking zali bilan orasidagi devor — mavjud devordagi bo'shliqni yopish | E18: 0.3 | F18: =Narxlar!$C$71 -> 3.5 | G18: =E18*F18 -> 1.05 | H18: m² | I18: =Narxlar!$C$6 -> 12 | J18: =G18*I18 -> 12.6
A19: 11 | B19: 1-xona | C19: Gips karton (GKL) | D19: Shisha ustidagi GKL (K1 koridori bilan orasida) | E19: 4.6 | F19: =Narxlar!$C$73 -> 1 | G19: =E19*F19 -> 4.6 | H19: m² | I19: =Narxlar!$C$6 -> 12 | J19: =G19*I19 -> 55.2
A20: 12 | B20: 1-xona | C20: Gips karton (GKL) | D20: Eshik yonidagi kesak (K1 koridori tomoni) | E20: 0.2 | F20: =Narxlar!$C$71 -> 3.5 | G20: =E20*F20 -> 0.7 | H20: m² | I20: =Narxlar!$C$6 -> 12 | J20: =G20*I20 -> 8.4
A21: 13 | B21: 1-xona | C21: Gips karton (GKL) | D21: Eshik ustidagi GKL (K1 koridori bilan orasida) | E21: =Narxlar!$C$76 -> 0.9 | F21: =Narxlar!$C$73 -> 1 | G21: =E21*F21 -> 0.9 | H21: m² | I21: =Narxlar!$C$6 -> 12 | J21: =G21*I21 -> 10.8
A22: 14 | B22: 1-xona | C22: Bambuk panel | D22: Doska devori | E22: 7.7 | F22: =Narxlar!$C$77 -> 3.5 | G22: =E22*F22 -> 26.95 | H22: m² | I22: =Narxlar!$C$7 -> 15.5 | J22: =G22*I22 -> 417.725
A23: 15 | B23: 1-xona | C23: Bambuk panel | D23: Orqa devor | E23: 7.7 | F23: =Narxlar!$C$77 -> 3.5 | G23: =E23*F23 -> 26.95 | H23: m² | I23: =Narxlar!$C$7 -> 15.5 | J23: =G23*I23 -> 417.725
A24: 16 | B24: 1-xona | C24: Interaktiv doska | D24: Doska devoriga | G24: 1 | H24: dona | I24: =Narxlar!$C$8 -> 1032 | J24: =G24*I24 -> 1032
A25: 17 | B25: 1-xona | C25: Yoritish | D25: Lampalar (xona uchun) | G25: 1 | H25: komplekt | I25: =Narxlar!$C$12 -> 168 | J25: =G25*I25 -> 168
D26: Jami: 1-xona | J26: =SUM(J16:J25) -> 2878.7
A28: 2-xona
A29: 18 | B29: 2-xona | C29: Shisha devor | D29: Shisha devor (K1 koridori tomoni) | E29: 4.7 | F29: =Narxlar!$C$72 -> 2.5 | G29: =E29*F29 -> 11.75 | H29: m² | I29: =Narxlar!$C$5 -> 55 | J29: =G29*I29 -> 646.25
A30: 19 | B30: 2-xona | C30: Shisha devor | D30: Shisha eshik va ustidagi shisha (K1 koridori tomoni) | E30: =Narxlar!$C$76 -> 0.9 | F30: =Narxlar!$C$72 -> 2.5 | G30: =E30*F30 -> 2.25 | H30: m² | I30: =Narxlar!$C$5 -> 55 | J30: =G30*I30 -> 123.75
A31: 20 | B31: 2-xona | C31: Gips karton (GKL) | D31: Shisha ustidagi GKL (K1 koridori bilan orasida) | E31: 4.7 | F31: =Narxlar!$C$73 -> 1 | G31: =E31*F31 -> 4.7 | H31: m² | I31: =Narxlar!$C$6 -> 12 | J31: =G31*I31 -> 56.4
A32: 21 | B32: 2-xona | C32: Gips karton (GKL) | D32: Eshik yonidagi kesak (K1 koridori tomoni) | E32: 0.2 | F32: =Narxlar!$C$71 -> 3.5 | G32: =E32*F32 -> 0.7 | H32: m² | I32: =Narxlar!$C$6 -> 12 | J32: =G32*I32 -> 8.4
A33: 22 | B33: 2-xona | C33: Gips karton (GKL) | D33: Eshik ustidagi GKL (K1 koridori bilan orasida) | E33: =Narxlar!$C$76 -> 0.9 | F33: =Narxlar!$C$73 -> 1 | G33: =E33*F33 -> 0.9 | H33: m² | I33: =Narxlar!$C$6 -> 12 | J33: =G33*I33 -> 10.8
A34: 23 | B34: 2-xona | C34: Bambuk panel | D34: Doska devori | E34: 7.7 | F34: =Narxlar!$C$77 -> 3.5 | G34: =E34*F34 -> 26.95 | H34: m² | I34: =Narxlar!$C$7 -> 15.5 | J34: =G34*I34 -> 417.725
A35: 24 | B35: 2-xona | C35: Bambuk panel | D35: Orqa devor | E35: 7.7 | F35: =Narxlar!$C$77 -> 3.5 | G35: =E35*F35 -> 26.95 | H35: m² | I35: =Narxlar!$C$7 -> 15.5 | J35: =G35*I35 -> 417.725
A36: 25 | B36: 2-xona | C36: Interaktiv doska | D36: Doska devoriga | G36: 1 | H36: dona | I36: =Narxlar!$C$8 -> 1032 | J36: =G36*I36 -> 1032
A37: 26 | B37: 2-xona | C37: Yoritish | D37: Lampalar (xona uchun) | G37: 1 | H37: komplekt | I37: =Narxlar!$C$12 -> 168 | J37: =G37*I37 -> 168
D38: Jami: 2-xona | J38: =SUM(J29:J37) -> 2881.05
A40: 3-xona
A41: 27 | B41: 3-xona | C41: Shisha devor | D41: Shisha eshik va ustidagi shisha (K1 koridori tomoni) | E41: =Narxlar!$C$76 -> 0.9 | F41: =Narxlar!$C$72 -> 2.5 | G41: =E41*F41 -> 2.25 | H41: m² | I41: =Narxlar!$C$5 -> 55 | J41: =G41*I41 -> 123.75
A42: 28 | B42: 3-xona | C42: Gips karton (GKL) | D42: Eshik yonidagi kesak (K1 koridori tomoni) | E42: 0.15 | F42: =Narxlar!$C$71 -> 3.5 | G42: =E42*F42 -> 0.525 | H42: m² | I42: =Narxlar!$C$6 -> 12 | J42: =G42*I42 -> 6.3
A43: 29 | B43: 3-xona | C43: Gips karton (GKL) | D43: 4-xona, K1 koridori bilan orasidagi devor | E43: 4.7 | F43: =Narxlar!$C$71 -> 3.5 | G43: =E43*F43 -> 16.45 | H43: m² | I43: =Narxlar!$C$6 -> 12 | J43: =G43*I43 -> 197.4
A44: 30 | B44: 3-xona | C44: Gips karton (GKL) | D44: Eshik ustidagi GKL (K1 koridori bilan orasida) | E44: =Narxlar!$C$76 -> 0.9 | F44: =Narxlar!$C$73 -> 1 | G44: =E44*F44 -> 0.9 | H44: m² | I44: =Narxlar!$C$6 -> 12 | J44: =G44*I44 -> 10.8
A45: 31 | B45: 3-xona | C45: Bambuk panel | D45: Doska devori | E45: 7.7 | F45: =Narxlar!$C$77 -> 3.5 | G45: =E45*F45 -> 26.95 | H45: m² | I45: =Narxlar!$C$7 -> 15.5 | J45: =G45*I45 -> 417.725
A46: 32 | B46: 3-xona | C46: Bambuk panel | D46: Orqa devor | E46: 7.7 | F46: =Narxlar!$C$77 -> 3.5 | G46: =E46*F46 -> 26.95 | H46: m² | I46: =Narxlar!$C$7 -> 15.5 | J46: =G46*I46 -> 417.725
A47: 33 | B47: 3-xona | C47: Interaktiv doska | D47: Doska devoriga | G47: 1 | H47: dona | I47: =Narxlar!$C$8 -> 1032 | J47: =G47*I47 -> 1032
A48: 34 | B48: 3-xona | C48: Yoritish | D48: Lampalar (xona uchun) | G48: 1 | H48: komplekt | I48: =Narxlar!$C$12 -> 168 | J48: =G48*I48 -> 168
D49: Jami: 3-xona | J49: =SUM(J41:J48) -> 2373.7
A51: 4-xona
A52: 35 | B52: 4-xona | C52: Shisha devor | D52: Shisha eshik va ustidagi shisha (K2 koridori tomoni) | E52: =Narxlar!$C$76 -> 0.9 | F52: =Narxlar!$C$72 -> 2.5 | G52: =E52*F52 -> 2.25 | H52: m² | I52: =Narxlar!$C$5 -> 55 | J52: =G52*I52 -> 123.75
A53: 36 | B53: 4-xona | C53: Gips karton (GKL) | D53: Call-markaz (XZ4) bilan orasidagi devor — mavjud devordagi bo'shliqni yopish | E53: 1 | F53: =Narxlar!$C$71 -> 3.5 | G53: =E53*F53 -> 3.5 | H53: m² | I53: =Narxlar!$C$6 -> 12 | J53: =G53*I53 -> 42
A54: 37 | B54: 4-xona | C54: Gips karton (GKL) | D54: 3-xona bilan orasidagi devor | E54: 4.5 | F54: =Narxlar!$C$71 -> 3.5 | G54: =E54*F54 -> 15.75 | H54: m² | I54: =Narxlar!$C$6 -> 12 | J54: =G54*I54 -> 189
A55: 38 | B55: 4-xona | C55: Gips karton (GKL) | D55: K1 koridori oxiridagi logotip devori (xona tomoni) | E55: 1.5 | F55: =Narxlar!$C$71 -> 3.5 | G55: =E55*F55 -> 5.25 | H55: m² | I55: =Narxlar!$C$6 -> 12 | J55: =G55*I55 -> 63
A56: 39 | B56: 4-xona | C56: Gips karton (GKL) | D56: K1 koridori bilan orasidagi devor | E56: 1.15 | F56: =Narxlar!$C$71 -> 3.5 | G56: =E56*F56 -> 4.025 | H56: m² | I56: =Narxlar!$C$6 -> 12 | J56: =G56*I56 -> 48.3
A57: 40 | B57: 4-xona | C57: Gips karton (GKL) | D57: Koridor uchidagi burchak ustunchasi | E57: 0.1 | F57: =Narxlar!$C$71 -> 3.5 | G57: =E57*F57 -> 0.35 | H57: m² | I57: =Narxlar!$C$6 -> 12 | J57: =G57*I57 -> 4.2
A58: 41 | B58: 4-xona | C58: Gips karton (GKL) | D58: Eshik yonidagi kesak (K2 koridori tomoni) | E58: 0.1 | F58: =Narxlar!$C$71 -> 3.5 | G58: =E58*F58 -> 0.35 | H58: m² | I58: =Narxlar!$C$6 -> 12 | J58: =G58*I58 -> 4.2
A59: 42 | B59: 4-xona | C59: Gips karton (GKL) | D59: Eshik yonidagi kesak (K2 koridori tomoni) | E59: 0.25 | F59: =Narxlar!$C$71 -> 3.5 | G59: =E59*F59 -> 0.875 | H59: m² | I59: =Narxlar!$C$6 -> 12 | J59: =G59*I59 -> 10.5
A60: 43 | B60: 4-xona | C60: Gips karton (GKL) | D60: K2 koridori oxiridagi logotip devori (xona tomoni) | E60: 1.5 | F60: =Narxlar!$C$71 -> 3.5 | G60: =E60*F60 -> 5.25 | H60: m² | I60: =Narxlar!$C$6 -> 12 | J60: =G60*I60 -> 63
A61: 44 | B61: 4-xona | C61: Gips karton (GKL) | D61: 5-xona bilan orasidagi devor | E61: 4.5 | F61: =Narxlar!$C$71 -> 3.5 | G61: =E61*F61 -> 15.75 | H61: m² | I61: =Narxlar!$C$6 -> 12 | J61: =G61*I61 -> 189
A62: 45 | B62: 4-xona | C62: Gips karton (GKL) | D62: Eshik ustidagi GKL (K2 koridori bilan orasida) | E62: =Narxlar!$C$76 -> 0.9 | F62: =Narxlar!$C$73 -> 1 | G62: =E62*F62 -> 0.9 | H62: m² | I62: =Narxlar!$C$6 -> 12 | J62: =G62*I62 -> 10.8
A63: 46 | B63: 4-xona | C63: Bambuk panel | D63: Doska devori | E63: 8.8 | F63: =Narxlar!$C$77 -> 3.5 | G63: =E63*F63 -> 30.8 | H63: m² | I63: =Narxlar!$C$7 -> 15.5 | J63: =G63*I63 -> 477.4
A64: 47 | B64: 4-xona | C64: Bambuk panel | D64: Orqa devor (L shaklining keng qismi) | E64: 5.6 | F64: =Narxlar!$C$77 -> 3.5 | G64: =E64*F64 -> 19.6 | H64: m² | I64: =Narxlar!$C$7 -> 15.5 | J64: =G64*I64 -> 303.8
A65: 48 | B65: 4-xona | C65: Interaktiv doska | D65: Doska devoriga | G65: 1 | H65: dona | I65: =Narxlar!$C$8 -> 1032 | J65: =G65*I65 -> 1032
A66: 49 | B66: 4-xona | C66: Yoritish | D66: Lampalar (xona uchun) | G66: 1 | H66: komplekt | I66: =Narxlar!$C$12 -> 168 | J66: =G66*I66 -> 168
D67: Jami: 4-xona | J67: =SUM(J52:J66) -> 2728.95
A69: 5-xona
A70: 50 | B70: 5-xona | C70: Shisha devor | D70: Shisha eshik va ustidagi shisha (K2 koridori tomoni) | E70: =Narxlar!$C$76 -> 0.9 | F70: =Narxlar!$C$72 -> 2.5 | G70: =E70*F70 -> 2.25 | H70: m² | I70: =Narxlar!$C$5 -> 55 | J70: =G70*I70 -> 123.75
A71: 51 | B71: 5-xona | C71: Gips karton (GKL) | D71: 6-xona bilan orasidagi devor — mavjud devordagi bo'shliqni yopish | E71: 2.75 | F71: =Narxlar!$C$71 -> 3.5 | G71: =E71*F71 -> 9.625 | H71: m² | I71: =Narxlar!$C$6 -> 12 | J71: =G71*I71 -> 115.5
A72: 52 | B72: 5-xona | C72: Gips karton (GKL) | D72: Eshik yonidagi kesak (K2 koridori tomoni) | E72: 0.15 | F72: =Narxlar!$C$71 -> 3.5 | G72: =E72*F72 -> 0.525 | H72: m² | I72: =Narxlar!$C$6 -> 12 | J72: =G72*I72 -> 6.3
A73: 53 | B73: 5-xona | C73: Gips karton (GKL) | D73: 4-xona, K2 koridori bilan orasidagi devor | E73: 4.7 | F73: =Narxlar!$C$71 -> 3.5 | G73: =E73*F73 -> 16.45 | H73: m² | I73: =Narxlar!$C$6 -> 12 | J73: =G73*I73 -> 197.4
A74: 54 | B74: 5-xona | C74: Gips karton (GKL) | D74: Eshik ustidagi GKL (K2 koridori bilan orasida) | E74: =Narxlar!$C$76 -> 0.9 | F74: =Narxlar!$C$73 -> 1 | G74: =E74*F74 -> 0.9 | H74: m² | I74: =Narxlar!$C$6 -> 12 | J74: =G74*I74 -> 10.8
A75: 55 | B75: 5-xona | C75: Bambuk panel | D75: Doska devori | E75: 7.7 | F75: =Narxlar!$C$77 -> 3.5 | G75: =E75*F75 -> 26.95 | H75: m² | I75: =Narxlar!$C$7 -> 15.5 | J75: =G75*I75 -> 417.725
A76: 56 | B76: 5-xona | C76: Bambuk panel | D76: Orqa devor | E76: 7.7 | F76: =Narxlar!$C$77 -> 3.5 | G76: =E76*F76 -> 26.95 | H76: m² | I76: =Narxlar!$C$7 -> 15.5 | J76: =G76*I76 -> 417.725
A77: 57 | B77: 5-xona | C77: Interaktiv doska | D77: Doska devoriga | G77: 1 | H77: dona | I77: =Narxlar!$C$8 -> 1032 | J77: =G77*I77 -> 1032
A78: 58 | B78: 5-xona | C78: Yoritish | D78: Lampalar (xona uchun) | G78: 1 | H78: komplekt | I78: =Narxlar!$C$12 -> 168 | J78: =G78*I78 -> 168
D79: Jami: 5-xona | J79: =SUM(J70:J78) -> 2489.2
A81: 6-xona
A82: 59 | B82: 6-xona | C82: Shisha devor | D82: Shisha devor (K2 koridori tomoni) | E82: 4.7 | F82: =Narxlar!$C$72 -> 2.5 | G82: =E82*F82 -> 11.75 | H82: m² | I82: =Narxlar!$C$5 -> 55 | J82: =G82*I82 -> 646.25
A83: 60 | B83: 6-xona | C83: Shisha devor | D83: Shisha eshik va ustidagi shisha (K2 koridori tomoni) | E83: =Narxlar!$C$76 -> 0.9 | F83: =Narxlar!$C$72 -> 2.5 | G83: =E83*F83 -> 2.25 | H83: m² | I83: =Narxlar!$C$5 -> 55 | J83: =G83*I83 -> 123.75
A84: 61 | B84: 6-xona | C84: Gips karton (GKL) | D84: 7-xona bilan orasidagi devor — mavjud devordagi bo'shliqni yopish | E84: 2.75 | F84: =Narxlar!$C$71 -> 3.5 | G84: =E84*F84 -> 9.625 | H84: m² | I84: =Narxlar!$C$6 -> 12 | J84: =G84*I84 -> 115.5
A85: 62 | B85: 6-xona | C85: Gips karton (GKL) | D85: 5-xona bilan orasidagi devor — mavjud devordagi bo'shliqni yopish | E85: 2.75 | F85: =Narxlar!$C$71 -> 3.5 | G85: =E85*F85 -> 9.625 | H85: m² | I85: =Narxlar!$C$6 -> 12 | J85: =G85*I85 -> 115.5
A86: 63 | B86: 6-xona | C86: Gips karton (GKL) | D86: Eshik yonidagi kesak (K2 koridori tomoni) | E86: 0.2 | F86: =Narxlar!$C$71 -> 3.5 | G86: =E86*F86 -> 0.7 | H86: m² | I86: =Narxlar!$C$6 -> 12 | J86: =G86*I86 -> 8.4
A87: 64 | B87: 6-xona | C87: Gips karton (GKL) | D87: Shisha ustidagi GKL (K2 koridori bilan orasida) | E87: 4.7 | F87: =Narxlar!$C$73 -> 1 | G87: =E87*F87 -> 4.7 | H87: m² | I87: =Narxlar!$C$6 -> 12 | J87: =G87*I87 -> 56.4
A88: 65 | B88: 6-xona | C88: Gips karton (GKL) | D88: Eshik ustidagi GKL (K2 koridori bilan orasida) | E88: =Narxlar!$C$76 -> 0.9 | F88: =Narxlar!$C$73 -> 1 | G88: =E88*F88 -> 0.9 | H88: m² | I88: =Narxlar!$C$6 -> 12 | J88: =G88*I88 -> 10.8
A89: 66 | B89: 6-xona | C89: Bambuk panel | D89: Doska devori | E89: 7.7 | F89: =Narxlar!$C$77 -> 3.5 | G89: =E89*F89 -> 26.95 | H89: m² | I89: =Narxlar!$C$7 -> 15.5 | J89: =G89*I89 -> 417.725
A90: 67 | B90: 6-xona | C90: Bambuk panel | D90: Orqa devor | E90: 7.7 | F90: =Narxlar!$C$77 -> 3.5 | G90: =E90*F90 -> 26.95 | H90: m² | I90: =Narxlar!$C$7 -> 15.5 | J90: =G90*I90 -> 417.725
A91: 68 | B91: 6-xona | C91: Interaktiv doska | D91: Doska devoriga | G91: 1 | H91: dona | I91: =Narxlar!$C$8 -> 1032 | J91: =G91*I91 -> 1032
A92: 69 | B92: 6-xona | C92: Yoritish | D92: Lampalar (xona uchun) | G92: 1 | H92: komplekt | I92: =Narxlar!$C$12 -> 168 | J92: =G92*I92 -> 168
D93: Jami: 6-xona | J93: =SUM(J82:J92) -> 3112.05
A95: 7-xona
A96: 70 | B96: 7-xona | C96: Shisha devor | D96: Shisha devor (K2 koridori tomoni) | E96: 4.7 | F96: =Narxlar!$C$72 -> 2.5 | G96: =E96*F96 -> 11.75 | H96: m² | I96: =Narxlar!$C$5 -> 55 | J96: =G96*I96 -> 646.25
A97: 71 | B97: 7-xona | C97: Shisha devor | D97: Shisha eshik va ustidagi shisha (K2 koridori tomoni) | E97: =Narxlar!$C$76 -> 0.9 | F97: =Narxlar!$C$72 -> 2.5 | G97: =E97*F97 -> 2.25 | H97: m² | I97: =Narxlar!$C$5 -> 55 | J97: =G97*I97 -> 123.75
A98: 72 | B98: 7-xona | C98: Gips karton (GKL) | D98: Koworking zali bilan orasidagi devor — mavjud devordagi bo'shliqni yopish | E98: 1.55 | F98: =Narxlar!$C$71 -> 3.5 | G98: =E98*F98 -> 5.425 | H98: m² | I98: =Narxlar!$C$6 -> 12 | J98: =G98*I98 -> 65.1
A99: 73 | B99: 7-xona | C99: Gips karton (GKL) | D99: Kirish zali bilan orasidagi devor — mavjud devordagi bo'shliqni yopish | E99: 2.6 | F99: =Narxlar!$C$71 -> 3.5 | G99: =E99*F99 -> 9.1 | H99: m² | I99: =Narxlar!$C$6 -> 12 | J99: =G99*I99 -> 109.2
A100: 74 | B100: 7-xona | C100: Gips karton (GKL) | D100: 6-xona bilan orasidagi devor — mavjud devordagi bo'shliqni yopish | E100: 2.75 | F100: =Narxlar!$C$71 -> 3.5 | G100: =E100*F100 -> 9.625 | H100: m² | I100: =Narxlar!$C$6 -> 12 | J100: =G100*I100 -> 115.5
A101: 75 | B101: 7-xona | C101: Gips karton (GKL) | D101: Eshik yonidagi kesak (K2 koridori tomoni) | E101: 0.2 | F101: =Narxlar!$C$71 -> 3.5 | G101: =E101*F101 -> 0.7 | H101: m² | I101: =Narxlar!$C$6 -> 12 | J101: =G101*I101 -> 8.4
A102: 76 | B102: 7-xona | C102: Gips karton (GKL) | D102: Shisha ustidagi GKL (K2 koridori bilan orasida) | E102: 4.7 | F102: =Narxlar!$C$73 -> 1 | G102: =E102*F102 -> 4.7 | H102: m² | I102: =Narxlar!$C$6 -> 12 | J102: =G102*I102 -> 56.4
A103: 77 | B103: 7-xona | C103: Gips karton (GKL) | D103: Eshik ustidagi GKL (K2 koridori bilan orasida) | E103: =Narxlar!$C$76 -> 0.9 | F103: =Narxlar!$C$73 -> 1 | G103: =E103*F103 -> 0.9 | H103: m² | I103: =Narxlar!$C$6 -> 12 | J103: =G103*I103 -> 10.8
A104: 78 | B104: 7-xona | C104: Bambuk panel | D104: Doska devori | E104: 7.7 | F104: =Narxlar!$C$77 -> 3.5 | G104: =E104*F104 -> 26.95 | H104: m² | I104: =Narxlar!$C$7 -> 15.5 | J104: =G104*I104 -> 417.725
A105: 79 | B105: 7-xona | C105: Bambuk panel | D105: Orqa devor | E105: 7.7 | F105: =Narxlar!$C$77 -> 3.5 | G105: =E105*F105 -> 26.95 | H105: m² | I105: =Narxlar!$C$7 -> 15.5 | J105: =G105*I105 -> 417.725
A106: 80 | B106: 7-xona | C106: Interaktiv doska | D106: Doska devoriga | G106: 1 | H106: dona | I106: =Narxlar!$C$8 -> 1032 | J106: =G106*I106 -> 1032
A107: 81 | B107: 7-xona | C107: Yoritish | D107: Lampalar (xona uchun) | G107: 1 | H107: komplekt | I107: =Narxlar!$C$12 -> 168 | J107: =G107*I107 -> 168
D108: Jami: 7-xona | J108: =SUM(J96:J107) -> 3170.85
...
